variant,family,fold,channel,NMAE
M_b,dipolar,0,strain,1.0705955163427796
M_b,dipolar,0,Pauli,1.13604758330207
M_b,dipolar,0,V_elst,1.0576786666954856
M_b,dipolar,0,oi,1.1195717001564114
M_b,dipolar,0,disp,0.4541328076442802
M_b,dipolar,0,barrier,2.273981001087761
M_b,qmrxn20_e2,0,strain,1.0716346336516518
M_b,qmrxn20_e2,0,Pauli,0.9515420852263976
M_b,qmrxn20_e2,0,V_elst,1.0003931214020152
M_b,qmrxn20_e2,0,oi,0.903612546045579
M_b,qmrxn20_e2,0,disp,1.1347607106906406
M_b,qmrxn20_e2,0,barrier,0.8421875358747097
M_b,qmrxn20_sn2,0,strain,1.131761550024196
M_b,qmrxn20_sn2,0,Pauli,1.5910678475383548
M_b,qmrxn20_sn2,0,V_elst,1.133932093608653
M_b,qmrxn20_sn2,0,oi,1.8265375848282366
M_b,qmrxn20_sn2,0,disp,0.7021820740412449
M_b,qmrxn20_sn2,0,barrier,1.1375353832905888
M_b,rgd1,0,strain,0.9428525522105797
M_b,rgd1,0,Pauli,0.7599271027930112
M_b,rgd1,0,V_elst,0.7689365222146461
M_b,rgd1,0,oi,0.7714545987099434
M_b,rgd1,0,disp,0.755781275900249
M_b,rgd1,0,barrier,1.0501919284624137
M_b,dipolar,1,strain,1.0368682326565013
M_b,dipolar,1,Pauli,1.533341081715405
M_b,dipolar,1,V_elst,1.3740114676933235
M_b,dipolar,1,oi,1.5523961830370434
M_b,dipolar,1,disp,0.6432547144658314
M_b,dipolar,1,barrier,2.216514381399311
M_b,qmrxn20_e2,1,strain,1.327527707557121
M_b,qmrxn20_e2,1,Pauli,1.1693138968634227
M_b,qmrxn20_e2,1,V_elst,1.1676224432617417
M_b,qmrxn20_e2,1,oi,1.1928386791315
M_b,qmrxn20_e2,1,disp,1.0116594115437276
M_b,qmrxn20_e2,1,barrier,1.231084233339178
M_b,qmrxn20_sn2,1,strain,1.3938036232063864
M_b,qmrxn20_sn2,1,Pauli,1.9259262070505883
M_b,qmrxn20_sn2,1,V_elst,1.0878601371417265
M_b,qmrxn20_sn2,1,oi,4.296107475920212
M_b,qmrxn20_sn2,1,disp,0.7281072239417763
M_b,qmrxn20_sn2,1,barrier,1.2267212727657344
M_b,rgd1,1,strain,1.0114634712733248
M_b,rgd1,1,Pauli,0.8610158134592326
M_b,rgd1,1,V_elst,0.8088901700694356
M_b,rgd1,1,oi,0.9301890490897499
M_b,rgd1,1,disp,0.8629735925972863
M_b,rgd1,1,barrier,0.9816089066779589
M_b,dipolar,2,strain,0.9917828055884597
M_b,dipolar,2,Pauli,1.2596233231620426
M_b,dipolar,2,V_elst,1.0965401442000464
M_b,dipolar,2,oi,1.2654943193074353
M_b,dipolar,2,disp,0.5189763704924205
M_b,dipolar,2,barrier,1.9034285652174976
M_b,qmrxn20_e2,2,strain,1.0978887118290306
M_b,qmrxn20_e2,2,Pauli,0.9786193499401263
M_b,qmrxn20_e2,2,V_elst,1.0173054850523797
M_b,qmrxn20_e2,2,oi,0.9377145159148862
M_b,qmrxn20_e2,2,disp,1.1630103744454547
M_b,qmrxn20_e2,2,barrier,1.0024878212398811
M_b,qmrxn20_sn2,2,strain,0.9387843886009238
M_b,qmrxn20_sn2,2,Pauli,0.9569221596945878
M_b,qmrxn20_sn2,2,V_elst,0.9826530027447601
M_b,qmrxn20_sn2,2,oi,0.8495115354236807
M_b,qmrxn20_sn2,2,disp,1.1214564778490044
M_b,qmrxn20_sn2,2,barrier,0.9299463232855224
M_b,rgd1,2,strain,1.115937278362059
M_b,rgd1,2,Pauli,0.8906004016400829
M_b,rgd1,2,V_elst,0.9028765673239801
M_b,rgd1,2,oi,0.9613177866590099
M_b,rgd1,2,disp,0.8292118916772122
M_b,rgd1,2,barrier,1.1390655053968282
M_b,dipolar,3,strain,1.3841299414079724
M_b,dipolar,3,Pauli,1.2922773945443018
M_b,dipolar,3,V_elst,1.2986027794814634
M_b,dipolar,3,oi,1.2377514274598038
M_b,dipolar,3,disp,0.5585474170898791
M_b,dipolar,3,barrier,1.9734379837733018
M_b,qmrxn20_e2,3,strain,1.0108173173317243
M_b,qmrxn20_e2,3,Pauli,0.9272855294554215
M_b,qmrxn20_e2,3,V_elst,0.9341228358908861
M_b,qmrxn20_e2,3,oi,0.9240156924870917
M_b,qmrxn20_e2,3,disp,0.9337501716872267
M_b,qmrxn20_e2,3,barrier,0.9537614752460783
M_b,qmrxn20_sn2,3,strain,0.7959606502663296
M_b,qmrxn20_sn2,3,Pauli,1.533202872000103
M_b,qmrxn20_sn2,3,V_elst,1.0842069559656156
M_b,qmrxn20_sn2,3,oi,1.6827817411388775
M_b,qmrxn20_sn2,3,disp,0.8296952895884816
M_b,qmrxn20_sn2,3,barrier,1.0762769052989751
M_b,rgd1,3,strain,0.9127365691953079
M_b,rgd1,3,Pauli,0.8103644958349281
M_b,rgd1,3,V_elst,0.806902636553726
M_b,rgd1,3,oi,0.8271053968675621
M_b,rgd1,3,disp,0.810891513369393
M_b,rgd1,3,barrier,0.9712267723001977
M_b,dipolar,4,strain,1.0851687951093818
M_b,dipolar,4,Pauli,1.2012217130450593
M_b,dipolar,4,V_elst,1.1378151274302526
M_b,dipolar,4,oi,1.1920713877808111
M_b,dipolar,4,disp,0.7195150740266701
M_b,dipolar,4,barrier,2.1326536452712377
M_b,qmrxn20_e2,4,strain,1.3445406733859588
M_b,qmrxn20_e2,4,Pauli,0.9851876279665581
M_b,qmrxn20_e2,4,V_elst,1.0261788836542025
M_b,qmrxn20_e2,4,oi,0.9412438956455133
M_b,qmrxn20_e2,4,disp,1.8932235404807456
M_b,qmrxn20_e2,4,barrier,0.9592783793561904
M_b,qmrxn20_sn2,4,strain,0.8618834118433739
M_b,qmrxn20_sn2,4,Pauli,1.8470601087934853
M_b,qmrxn20_sn2,4,V_elst,1.2473329888772418
M_b,qmrxn20_sn2,4,oi,2.63298132606388
M_b,qmrxn20_sn2,4,disp,0.808268012422097
M_b,qmrxn20_sn2,4,barrier,1.1561257936642737
M_b,rgd1,4,strain,0.8896067277647574
M_b,rgd1,4,Pauli,0.7948531849668039
M_b,rgd1,4,V_elst,0.8580785192807378
M_b,rgd1,4,oi,0.7636008474010241
M_b,rgd1,4,disp,0.7354023230556012
M_b,rgd1,4,barrier,1.066990605323292
M_delta,dipolar,0,strain,0.928244887865899
M_delta,dipolar,0,Pauli,0.996659749367101
M_delta,dipolar,0,V_elst,0.9479357124213739
M_delta,dipolar,0,oi,0.9050303193777597
M_delta,dipolar,0,disp,0.8110315026377768
M_delta,dipolar,0,barrier,2.011735191013626
M_delta,qmrxn20_e2,0,strain,0.8489274339093958
M_delta,qmrxn20_e2,0,Pauli,0.736662532622442
M_delta,qmrxn20_e2,0,V_elst,0.6333879888377626
M_delta,qmrxn20_e2,0,oi,0.7861685183159184
M_delta,qmrxn20_e2,0,disp,0.4875008875775171
M_delta,qmrxn20_e2,0,barrier,1.2431249801491555
M_delta,qmrxn20_sn2,0,strain,0.7849663000089108
M_delta,qmrxn20_sn2,0,Pauli,0.7965389181575546
M_delta,qmrxn20_sn2,0,V_elst,0.54500862629595
M_delta,qmrxn20_sn2,0,oi,1.0158634789779883
M_delta,qmrxn20_sn2,0,disp,0.2280578353536854
M_delta,qmrxn20_sn2,0,barrier,1.0383663772832223
M_delta,rgd1,0,strain,1.1146931046297883
M_delta,rgd1,0,Pauli,0.8239610620418368
M_delta,rgd1,0,V_elst,0.9082162084563478
M_delta,rgd1,0,oi,0.9160923961194044
M_delta,rgd1,0,disp,1.185334545984155
M_delta,rgd1,0,barrier,1.5310385668736446
M_delta,dipolar,0,strain,0.8903818991353895
M_delta,dipolar,0,Pauli,0.922576842588427
M_delta,dipolar,0,V_elst,0.9484260699140376
M_delta,dipolar,0,oi,0.8989741079346578
M_delta,dipolar,0,disp,0.8774347661810065
M_delta,dipolar,0,barrier,1.6395591822554612
M_delta,qmrxn20_e2,0,strain,0.8895492053897266
M_delta,qmrxn20_e2,0,Pauli,0.5246179229618844
M_delta,qmrxn20_e2,0,V_elst,0.4452810308935131
M_delta,qmrxn20_e2,0,oi,0.6172125504676579
M_delta,qmrxn20_e2,0,disp,0.5408439062701256
M_delta,qmrxn20_e2,0,barrier,1.4805331100834673
M_delta,qmrxn20_sn2,0,strain,0.9671592852228855
M_delta,qmrxn20_sn2,0,Pauli,0.878503138719228
M_delta,qmrxn20_sn2,0,V_elst,0.8913690510122846
M_delta,qmrxn20_sn2,0,oi,1.0429066121417732
M_delta,qmrxn20_sn2,0,disp,0.25834829909522916
M_delta,qmrxn20_sn2,0,barrier,1.1984553874975359
M_delta,rgd1,0,strain,1.2830662350441424
M_delta,rgd1,0,Pauli,0.9584834404732501
M_delta,rgd1,0,V_elst,1.0316709899908847
M_delta,rgd1,0,oi,0.9824207153170639
M_delta,rgd1,0,disp,1.1352639610707231
M_delta,rgd1,0,barrier,2.8217930603777717
M_delta,dipolar,0,strain,0.8698413253748676
M_delta,dipolar,0,Pauli,0.8826588701051203
M_delta,dipolar,0,V_elst,0.8621328073909321
M_delta,dipolar,0,oi,0.805937683490366
M_delta,dipolar,0,disp,0.8308732371012032
M_delta,dipolar,0,barrier,1.9719487336715529
M_delta,qmrxn20_e2,0,strain,0.7427785767355147
M_delta,qmrxn20_e2,0,Pauli,0.429171843422895
M_delta,qmrxn20_e2,0,V_elst,0.4182086953801414
M_delta,qmrxn20_e2,0,oi,0.5344400285976438
M_delta,qmrxn20_e2,0,disp,0.4423514399860776
M_delta,qmrxn20_e2,0,barrier,1.4203877428736025
M_delta,qmrxn20_sn2,0,strain,0.7666530883826236
M_delta,qmrxn20_sn2,0,Pauli,0.6757445259687926
M_delta,qmrxn20_sn2,0,V_elst,0.9062040784563355
M_delta,qmrxn20_sn2,0,oi,0.9424448705954588
M_delta,qmrxn20_sn2,0,disp,0.21972495784302348
M_delta,qmrxn20_sn2,0,barrier,1.3522582285400848
M_delta,rgd1,0,strain,1.4099802169303062
M_delta,rgd1,0,Pauli,0.7639135523228313
M_delta,rgd1,0,V_elst,0.8670095168816285
M_delta,rgd1,0,oi,0.8295121097121461
M_delta,rgd1,0,disp,1.1512724992562091
M_delta,rgd1,0,barrier,2.5822812075724393
M_delta,dipolar,0,strain,0.888914671127467
M_delta,dipolar,0,Pauli,0.9649396895682062
M_delta,dipolar,0,V_elst,0.9791708426220175
M_delta,dipolar,0,oi,0.9185837574774781
M_delta,dipolar,0,disp,1.121878892861874
M_delta,dipolar,0,barrier,1.3244161286084832
M_delta,qmrxn20_e2,0,strain,0.8401178033227413
M_delta,qmrxn20_e2,0,Pauli,0.5442141205937296
M_delta,qmrxn20_e2,0,V_elst,0.4519749625824824
M_delta,qmrxn20_e2,0,oi,0.6363963038850142
M_delta,qmrxn20_e2,0,disp,0.6695171528627719
M_delta,qmrxn20_e2,0,barrier,1.5599729337906096
M_delta,qmrxn20_sn2,0,strain,1.0167302753006757
M_delta,qmrxn20_sn2,0,Pauli,0.7618010423033079
M_delta,qmrxn20_sn2,0,V_elst,0.9865164466117482
M_delta,qmrxn20_sn2,0,oi,0.8542435662724142
M_delta,qmrxn20_sn2,0,disp,0.3976061632248745
M_delta,qmrxn20_sn2,0,barrier,1.2354060813852876
M_delta,rgd1,0,strain,1.2621273256047052
M_delta,rgd1,0,Pauli,0.9097952056681645
M_delta,rgd1,0,V_elst,0.9882946369276873
M_delta,rgd1,0,oi,0.9265876797316788
M_delta,rgd1,0,disp,1.1295038844719278
M_delta,rgd1,0,barrier,2.872195287684261
M_delta,dipolar,0,strain,0.9335056245317211
M_delta,dipolar,0,Pauli,1.0011124539819556
M_delta,dipolar,0,V_elst,0.9886791189948647
M_delta,dipolar,0,oi,0.922560787250377
M_delta,dipolar,0,disp,3.1760999379061627
M_delta,dipolar,0,barrier,1.6121429771235083
M_delta,qmrxn20_e2,0,strain,0.8344617947167046
M_delta,qmrxn20_e2,0,Pauli,0.9383391324859057
M_delta,qmrxn20_e2,0,V_elst,0.9156532354822833
M_delta,qmrxn20_e2,0,oi,0.9941134636285891
M_delta,qmrxn20_e2,0,disp,1.6150794643062738
M_delta,qmrxn20_e2,0,barrier,1.67016456156292
M_delta,qmrxn20_sn2,0,strain,0.9578347962104432
M_delta,qmrxn20_sn2,0,Pauli,0.6804878895142631
M_delta,qmrxn20_sn2,0,V_elst,0.8013769687310252
M_delta,qmrxn20_sn2,0,oi,0.7300654862327526
M_delta,qmrxn20_sn2,0,disp,1.0050131074959827
M_delta,qmrxn20_sn2,0,barrier,1.2393462838450682
M_delta,rgd1,0,strain,1.046932750227117
M_delta,rgd1,0,Pauli,0.9724560007622619
M_delta,rgd1,0,V_elst,1.0109988914377745
M_delta,rgd1,0,oi,0.9733911169337299
M_delta,rgd1,0,disp,0.9682950695472324
M_delta,rgd1,0,barrier,3.1382138267809507
M_delta,dipolar,1,strain,1.155018394373983
M_delta,dipolar,1,Pauli,1.4410488333224936
M_delta,dipolar,1,V_elst,1.397789446542441
M_delta,dipolar,1,oi,1.2781326451162192
M_delta,dipolar,1,disp,0.9102663899094194
M_delta,dipolar,1,barrier,1.4519513236310404
M_delta,qmrxn20_e2,1,strain,0.6417700845401679
M_delta,qmrxn20_e2,1,Pauli,0.6393667322245264
M_delta,qmrxn20_e2,1,V_elst,0.538926321231946
M_delta,qmrxn20_e2,1,oi,0.6391580921693283
M_delta,qmrxn20_e2,1,disp,0.403257718996053
M_delta,qmrxn20_e2,1,barrier,1.064070808415009
M_delta,qmrxn20_sn2,1,strain,0.6866143554476406
M_delta,qmrxn20_sn2,1,Pauli,0.3440103632198323
M_delta,qmrxn20_sn2,1,V_elst,0.31583378802374373
M_delta,qmrxn20_sn2,1,oi,0.7965571391267515
M_delta,qmrxn20_sn2,1,disp,0.27725555265472557
M_delta,qmrxn20_sn2,1,barrier,1.0566072220250236
M_delta,rgd1,1,strain,1.3480090306790882
M_delta,rgd1,1,Pauli,0.881647343722577
M_delta,rgd1,1,V_elst,0.8769972874926044
M_delta,rgd1,1,oi,0.8833733650262521
M_delta,rgd1,1,disp,0.9330237165548471
M_delta,rgd1,1,barrier,2.4840657734313916
M_delta,dipolar,1,strain,1.2665518930391269
M_delta,dipolar,1,Pauli,1.6695262592249085
M_delta,dipolar,1,V_elst,1.8214865736286723
M_delta,dipolar,1,oi,1.4302541613655078
M_delta,dipolar,1,disp,1.1342937470001595
M_delta,dipolar,1,barrier,1.2987998372317948
M_delta,qmrxn20_e2,1,strain,1.092736307197229
M_delta,qmrxn20_e2,1,Pauli,0.7561162185607632
M_delta,qmrxn20_e2,1,V_elst,0.866394350838916
M_delta,qmrxn20_e2,1,oi,0.703100541953134
M_delta,qmrxn20_e2,1,disp,0.4231967245046928
M_delta,qmrxn20_e2,1,barrier,1.6684602391157815
M_delta,qmrxn20_sn2,1,strain,1.0082191468163593
M_delta,qmrxn20_sn2,1,Pauli,0.5092841384834931
M_delta,qmrxn20_sn2,1,V_elst,0.8104388613823743
M_delta,qmrxn20_sn2,1,oi,0.9324512047716289
M_delta,qmrxn20_sn2,1,disp,0.32925862817437634
M_delta,qmrxn20_sn2,1,barrier,1.3523952295160466
M_delta,rgd1,1,strain,1.29587201868047
M_delta,rgd1,1,Pauli,0.9107769099503414
M_delta,rgd1,1,V_elst,1.012928674008754
M_delta,rgd1,1,oi,0.8685214645414908
M_delta,rgd1,1,disp,1.1474131083404884
M_delta,rgd1,1,barrier,3.565701496316604
M_delta,dipolar,1,strain,1.2451593495986546
M_delta,dipolar,1,Pauli,1.300185338494054
M_delta,dipolar,1,V_elst,1.3411111986964002
M_delta,dipolar,1,oi,1.2052631683673254
M_delta,dipolar,1,disp,0.9605032477054671
M_delta,dipolar,1,barrier,1.2766007408924747
M_delta,qmrxn20_e2,1,strain,0.7545807643442833
M_delta,qmrxn20_e2,1,Pauli,0.683553160651892
M_delta,qmrxn20_e2,1,V_elst,0.5746860360073349
M_delta,qmrxn20_e2,1,oi,0.6451960159137637
M_delta,qmrxn20_e2,1,disp,0.4767791884272787
M_delta,qmrxn20_e2,1,barrier,1.076589067295596
M_delta,qmrxn20_sn2,1,strain,0.6044710827063181
M_delta,qmrxn20_sn2,1,Pauli,0.6267515339973128
M_delta,qmrxn20_sn2,1,V_elst,0.531681238936652
M_delta,qmrxn20_sn2,1,oi,1.1579517745424295
M_delta,qmrxn20_sn2,1,disp,0.2828119106175357
M_delta,qmrxn20_sn2,1,barrier,0.8183180256079133
M_delta,rgd1,1,strain,1.1864470649424674
M_delta,rgd1,1,Pauli,0.8431637702384512
M_delta,rgd1,1,V_elst,0.8534898223406966
M_delta,rgd1,1,oi,0.9644402426702698
M_delta,rgd1,1,disp,0.8602782542693814
M_delta,rgd1,1,barrier,2.325416734119057
M_delta,dipolar,1,strain,1.2227061832425055
M_delta,dipolar,1,Pauli,1.4234221708434427
M_delta,dipolar,1,V_elst,1.3630374595527825
M_delta,dipolar,1,oi,1.255354593998873
M_delta,dipolar,1,disp,0.8602755558143913
M_delta,dipolar,1,barrier,2.1073178152542305
M_delta,qmrxn20_e2,1,strain,0.9762117181567148
M_delta,qmrxn20_e2,1,Pauli,0.9274139330663066
M_delta,qmrxn20_e2,1,V_elst,0.8424528982272228
M_delta,qmrxn20_e2,1,oi,0.82606472602044
M_delta,qmrxn20_e2,1,disp,0.44279469139313177
M_delta,qmrxn20_e2,1,barrier,1.2084811558462423
M_delta,qmrxn20_sn2,1,strain,0.6030822348634253
M_delta,qmrxn20_sn2,1,Pauli,0.5425639265867334
M_delta,qmrxn20_sn2,1,V_elst,0.47632349613748576
M_delta,qmrxn20_sn2,1,oi,1.0437785193914144
M_delta,qmrxn20_sn2,1,disp,0.2929348860872161
M_delta,qmrxn20_sn2,1,barrier,0.8928040785537706
M_delta,rgd1,1,strain,1.2670262069035765
M_delta,rgd1,1,Pauli,0.8526864445666683
M_delta,rgd1,1,V_elst,0.8042294710158499
M_delta,rgd1,1,oi,0.916217702556929
M_delta,rgd1,1,disp,0.902957239005872
M_delta,rgd1,1,barrier,2.2224884403277456
M_delta,dipolar,1,strain,1.0338259728087904
M_delta,dipolar,1,Pauli,1.0719018543113996
M_delta,dipolar,1,V_elst,1.2805457954810116
M_delta,dipolar,1,oi,1.1065202282013693
M_delta,dipolar,1,disp,3.508234590231768
M_delta,dipolar,1,barrier,2.653378663777129
M_delta,qmrxn20_e2,1,strain,1.0599617071994307
M_delta,qmrxn20_e2,1,Pauli,0.684918966855968
M_delta,qmrxn20_e2,1,V_elst,0.6950586129073173
M_delta,qmrxn20_e2,1,oi,0.6920452632570686
M_delta,qmrxn20_e2,1,disp,1.7107088550059057
M_delta,qmrxn20_e2,1,barrier,1.7388376979286433
M_delta,qmrxn20_sn2,1,strain,1.0506291595203445
M_delta,qmrxn20_sn2,1,Pauli,0.5966130575667057
M_delta,qmrxn20_sn2,1,V_elst,0.8021358469148867
M_delta,qmrxn20_sn2,1,oi,0.6977484384989249
M_delta,qmrxn20_sn2,1,disp,1.080467088878575
M_delta,qmrxn20_sn2,1,barrier,1.2826115497244872
M_delta,rgd1,1,strain,1.048886922210791
M_delta,rgd1,1,Pauli,1.0772160406034206
M_delta,rgd1,1,V_elst,1.0238522107800871
M_delta,rgd1,1,oi,1.048242559236711
M_delta,rgd1,1,disp,0.9819900984551038
M_delta,rgd1,1,barrier,3.997363573542199
M_delta,dipolar,2,strain,1.1828588321092997
M_delta,dipolar,2,Pauli,1.3960259456813455
M_delta,dipolar,2,V_elst,1.4155044845960998
M_delta,dipolar,2,oi,1.2573469657992136
M_delta,dipolar,2,disp,1.1496111617025502
M_delta,dipolar,2,barrier,1.2436436478528126
M_delta,qmrxn20_e2,2,strain,0.8104588788803598
M_delta,qmrxn20_e2,2,Pauli,0.6813386829215361
M_delta,qmrxn20_e2,2,V_elst,0.7896881847905683
M_delta,qmrxn20_e2,2,oi,0.6924412022260398
M_delta,qmrxn20_e2,2,disp,0.8635720599932032
M_delta,qmrxn20_e2,2,barrier,1.4556885178610044
M_delta,qmrxn20_sn2,2,strain,0.903562696552047
M_delta,qmrxn20_sn2,2,Pauli,0.5358667197770806
M_delta,qmrxn20_sn2,2,V_elst,0.928733562713077
M_delta,qmrxn20_sn2,2,oi,0.6055553113145751
M_delta,qmrxn20_sn2,2,disp,0.577586723173044
M_delta,qmrxn20_sn2,2,barrier,1.075590892776417
M_delta,rgd1,2,strain,1.2961863235117526
M_delta,rgd1,2,Pauli,0.8510193445337035
M_delta,rgd1,2,V_elst,1.0461881928782564
M_delta,rgd1,2,oi,0.937723480794412
M_delta,rgd1,2,disp,1.0332402932297726
M_delta,rgd1,2,barrier,3.7262517218341675
M_delta,dipolar,2,strain,1.057303372259912
M_delta,dipolar,2,Pauli,1.1355059558747451
M_delta,dipolar,2,V_elst,1.1833865949890479
M_delta,dipolar,2,oi,1.0737515722720066
M_delta,dipolar,2,disp,2.1723016274196723
M_delta,dipolar,2,barrier,1.0927117528147898
M_delta,qmrxn20_e2,2,strain,0.7379480476987315
M_delta,qmrxn20_e2,2,Pauli,0.646039178140888
M_delta,qmrxn20_e2,2,V_elst,0.6984746620336932
M_delta,qmrxn20_e2,2,oi,0.663831090657886
M_delta,qmrxn20_e2,2,disp,0.7519353403935787
M_delta,qmrxn20_e2,2,barrier,1.9569939350934826
M_delta,qmrxn20_sn2,2,strain,0.6722509902705512
M_delta,qmrxn20_sn2,2,Pauli,0.4310753572852312
M_delta,qmrxn20_sn2,2,V_elst,0.6525023186746162
M_delta,qmrxn20_sn2,2,oi,0.4987389537090019
M_delta,qmrxn20_sn2,2,disp,0.9447006678583417
M_delta,qmrxn20_sn2,2,barrier,1.1915635886621898
M_delta,rgd1,2,strain,1.4212889980072074
M_delta,rgd1,2,Pauli,0.7387826145909777
M_delta,rgd1,2,V_elst,1.0056411506056977
M_delta,rgd1,2,oi,0.7419299493691506
M_delta,rgd1,2,disp,1.0659233152079153
M_delta,rgd1,2,barrier,3.9111620367672733
M_delta,dipolar,2,strain,1.3532807004689902
M_delta,dipolar,2,Pauli,1.4443494095907303
M_delta,dipolar,2,V_elst,1.4341210265528546
M_delta,dipolar,2,oi,1.2650092905696846
M_delta,dipolar,2,disp,1.0479207802624873
M_delta,dipolar,2,barrier,1.594932037773097
M_delta,qmrxn20_e2,2,strain,0.6465716877968338
M_delta,qmrxn20_e2,2,Pauli,0.5627125189725218
M_delta,qmrxn20_e2,2,V_elst,0.5546839178756875
M_delta,qmrxn20_e2,2,oi,0.6165501734105886
M_delta,qmrxn20_e2,2,disp,0.5444880738688717
M_delta,qmrxn20_e2,2,barrier,1.60570444618265
M_delta,qmrxn20_sn2,2,strain,0.8935661302371799
M_delta,qmrxn20_sn2,2,Pauli,0.598541738111182
M_delta,qmrxn20_sn2,2,V_elst,0.8544801802255226
M_delta,qmrxn20_sn2,2,oi,0.6394099895529815
M_delta,qmrxn20_sn2,2,disp,0.525207890498718
M_delta,qmrxn20_sn2,2,barrier,1.0690746408999072
M_delta,rgd1,2,strain,1.407467458536903
M_delta,rgd1,2,Pauli,0.6787508769026023
M_delta,rgd1,2,V_elst,0.8806417799865988
M_delta,rgd1,2,oi,0.7296215103169624
M_delta,rgd1,2,disp,1.0624374119150712
M_delta,rgd1,2,barrier,3.8724081567118653
M_delta,dipolar,2,strain,1.0008152778241326
M_delta,dipolar,2,Pauli,1.0867850369542962
M_delta,dipolar,2,V_elst,1.0637736721127167
M_delta,dipolar,2,oi,1.0070885418174864
M_delta,dipolar,2,disp,1.1634191639052698
M_delta,dipolar,2,barrier,1.2344521702483762
M_delta,qmrxn20_e2,2,strain,0.5692230812821311
M_delta,qmrxn20_e2,2,Pauli,0.5774863292970295
M_delta,qmrxn20_e2,2,V_elst,0.5155109250743986
M_delta,qmrxn20_e2,2,oi,0.5837248216053429
M_delta,qmrxn20_e2,2,disp,0.6055682249331457
M_delta,qmrxn20_e2,2,barrier,1.263166875144963
M_delta,qmrxn20_sn2,2,strain,0.7892822136302053
M_delta,qmrxn20_sn2,2,Pauli,0.6700339656900045
M_delta,qmrxn20_sn2,2,V_elst,0.632555197787324
M_delta,qmrxn20_sn2,2,oi,0.6494869209440052
M_delta,qmrxn20_sn2,2,disp,0.5409433559354638
M_delta,qmrxn20_sn2,2,barrier,0.933777151002602
M_delta,rgd1,2,strain,1.3944111478261354
M_delta,rgd1,2,Pauli,0.9394015278921294
M_delta,rgd1,2,V_elst,0.9314676292312873
M_delta,rgd1,2,oi,1.0278674563448973
M_delta,rgd1,2,disp,1.0998312011134959
M_delta,rgd1,2,barrier,2.324424489557244
M_delta,dipolar,2,strain,1.1661593965902377
M_delta,dipolar,2,Pauli,1.3513608810564142
M_delta,dipolar,2,V_elst,1.3197209964050363
M_delta,dipolar,2,oi,1.2364896207123572
M_delta,dipolar,2,disp,0.9289205120764837
M_delta,dipolar,2,barrier,1.5417197316155682
M_delta,qmrxn20_e2,2,strain,0.4702859603067041
M_delta,qmrxn20_e2,2,Pauli,0.4644427887738203
M_delta,qmrxn20_e2,2,V_elst,0.40329598114127085
M_delta,qmrxn20_e2,2,oi,0.5296271737499275
M_delta,qmrxn20_e2,2,disp,0.4897291370333031
M_delta,qmrxn20_e2,2,barrier,1.269466290735445
M_delta,qmrxn20_sn2,2,strain,0.7391771542995511
M_delta,qmrxn20_sn2,2,Pauli,0.5711187417268738
M_delta,qmrxn20_sn2,2,V_elst,0.5579008402562741
M_delta,qmrxn20_sn2,2,oi,0.5974743877951958
M_delta,qmrxn20_sn2,2,disp,0.5065627731313523
M_delta,qmrxn20_sn2,2,barrier,1.073266623543434
M_delta,rgd1,2,strain,1.0391562026431265
M_delta,rgd1,2,Pauli,0.8865642162955005
M_delta,rgd1,2,V_elst,0.9033992063241847
M_delta,rgd1,2,oi,1.0050648755524136
M_delta,rgd1,2,disp,0.9774451314304674
M_delta,rgd1,2,barrier,2.482868452108058
M_delta,dipolar,3,strain,1.3277258812656825
M_delta,dipolar,3,Pauli,1.188938993417548
M_delta,dipolar,3,V_elst,1.2202838617766598
M_delta,dipolar,3,oi,1.1431996107565023
M_delta,dipolar,3,disp,0.8757131888283434
M_delta,dipolar,3,barrier,1.4119817091120739
M_delta,qmrxn20_e2,3,strain,0.7430079512221972
M_delta,qmrxn20_e2,3,Pauli,0.5212413873881775
M_delta,qmrxn20_e2,3,V_elst,0.40657901779092387
M_delta,qmrxn20_e2,3,oi,0.6607251966371053
M_delta,qmrxn20_e2,3,disp,0.5013261241041139
M_delta,qmrxn20_e2,3,barrier,1.1171291428399226
M_delta,qmrxn20_sn2,3,strain,0.765538873137547
M_delta,qmrxn20_sn2,3,Pauli,0.4385690728602762
M_delta,qmrxn20_sn2,3,V_elst,0.3252254720707247
M_delta,qmrxn20_sn2,3,oi,0.9245567410650971
M_delta,qmrxn20_sn2,3,disp,0.2797292672152215
M_delta,qmrxn20_sn2,3,barrier,0.7596300014068997
M_delta,rgd1,3,strain,1.1580826907121553
M_delta,rgd1,3,Pauli,0.9060586481107707
M_delta,rgd1,3,V_elst,0.9039003705093608
M_delta,rgd1,3,oi,0.9780152607143257
M_delta,rgd1,3,disp,0.8544488542160987
M_delta,rgd1,3,barrier,1.5366941236264888
M_delta,dipolar,3,strain,0.8758096092716865
M_delta,dipolar,3,Pauli,0.8735143023764694
M_delta,dipolar,3,V_elst,0.9556154874570802
M_delta,dipolar,3,oi,0.9057903340920181
M_delta,dipolar,3,disp,3.5436369412455377
M_delta,dipolar,3,barrier,1.326609398281223
M_delta,qmrxn20_e2,3,strain,0.8129150469211657
M_delta,qmrxn20_e2,3,Pauli,0.7420753535767002
M_delta,qmrxn20_e2,3,V_elst,0.6910203668627805
M_delta,qmrxn20_e2,3,oi,0.8560120595614059
M_delta,qmrxn20_e2,3,disp,1.4502674616679627
M_delta,qmrxn20_e2,3,barrier,1.6636478519593376
M_delta,qmrxn20_sn2,3,strain,0.9555850368776555
M_delta,qmrxn20_sn2,3,Pauli,0.5877163159658487
M_delta,qmrxn20_sn2,3,V_elst,0.8709630879422582
M_delta,qmrxn20_sn2,3,oi,0.7900716442996357
M_delta,qmrxn20_sn2,3,disp,1.1166318568936127
M_delta,qmrxn20_sn2,3,barrier,1.2858038353541112
M_delta,rgd1,3,strain,1.156612249809462
M_delta,rgd1,3,Pauli,0.9468381744916785
M_delta,rgd1,3,V_elst,1.006471262905913
M_delta,rgd1,3,oi,0.9444485176974237
M_delta,rgd1,3,disp,1.0495207929048853
M_delta,rgd1,3,barrier,2.642852867307897
M_delta,dipolar,3,strain,1.0263374655148603
M_delta,dipolar,3,Pauli,1.0094310897516454
M_delta,dipolar,3,V_elst,1.0887952200794797
M_delta,dipolar,3,oi,0.997907623080434
M_delta,dipolar,3,disp,0.831477358488698
M_delta,dipolar,3,barrier,1.2500900418312524
M_delta,qmrxn20_e2,3,strain,0.78777770369555
M_delta,qmrxn20_e2,3,Pauli,0.6458620962936177
M_delta,qmrxn20_e2,3,V_elst,0.5636184052412969
M_delta,qmrxn20_e2,3,oi,0.7344640518243766
M_delta,qmrxn20_e2,3,disp,0.6842277376650202
M_delta,qmrxn20_e2,3,barrier,1.3812273759335092
M_delta,qmrxn20_sn2,3,strain,0.9761630311294192
M_delta,qmrxn20_sn2,3,Pauli,0.498932114314193
M_delta,qmrxn20_sn2,3,V_elst,0.8145820423904837
M_delta,qmrxn20_sn2,3,oi,0.8861504359392876
M_delta,qmrxn20_sn2,3,disp,0.41055916798439623
M_delta,qmrxn20_sn2,3,barrier,0.9134960324804478
M_delta,rgd1,3,strain,1.1372907133555072
M_delta,rgd1,3,Pauli,0.8721627438902699
M_delta,rgd1,3,V_elst,1.090983234006903
M_delta,rgd1,3,oi,0.938946963528696
M_delta,rgd1,3,disp,1.252261407486553
M_delta,rgd1,3,barrier,3.0876588419570536
M_delta,dipolar,3,strain,1.137143850914574
M_delta,dipolar,3,Pauli,1.148757979208857
M_delta,dipolar,3,V_elst,1.2358458947881754
M_delta,dipolar,3,oi,1.132092854586887
M_delta,dipolar,3,disp,0.9817229676544154
M_delta,dipolar,3,barrier,1.036275865622207
M_delta,qmrxn20_e2,3,strain,0.8251976937473505
M_delta,qmrxn20_e2,3,Pauli,0.7070146730734228
M_delta,qmrxn20_e2,3,V_elst,0.6406284508103384
M_delta,qmrxn20_e2,3,oi,0.7800338899878089
M_delta,qmrxn20_e2,3,disp,0.7313012299653012
M_delta,qmrxn20_e2,3,barrier,1.3710282160838947
M_delta,qmrxn20_sn2,3,strain,0.9480245342002921
M_delta,qmrxn20_sn2,3,Pauli,0.4739053664662021
M_delta,qmrxn20_sn2,3,V_elst,0.7870726697253628
M_delta,qmrxn20_sn2,3,oi,0.9973110674980973
M_delta,qmrxn20_sn2,3,disp,0.3756034047380922
M_delta,qmrxn20_sn2,3,barrier,0.9444080132088398
M_delta,rgd1,3,strain,1.3508278395678153
M_delta,rgd1,3,Pauli,0.8639885044355987
M_delta,rgd1,3,V_elst,0.9232403451725401
M_delta,rgd1,3,oi,0.9314536197344718
M_delta,rgd1,3,disp,1.060193630603584
M_delta,rgd1,3,barrier,2.956868981327735
M_delta,dipolar,3,strain,1.5087586331634553
M_delta,dipolar,3,Pauli,1.2720678903302456
M_delta,dipolar,3,V_elst,1.2794455220644396
M_delta,dipolar,3,oi,1.3014545243579523
M_delta,dipolar,3,disp,0.8539228820850862
M_delta,dipolar,3,barrier,2.3243313127046092
M_delta,qmrxn20_e2,3,strain,0.72493454189152
M_delta,qmrxn20_e2,3,Pauli,0.4755340175275611
M_delta,qmrxn20_e2,3,V_elst,0.38366034218715167
M_delta,qmrxn20_e2,3,oi,0.6244270474281601
M_delta,qmrxn20_e2,3,disp,0.43556669898842537
M_delta,qmrxn20_e2,3,barrier,1.2436363618074007
M_delta,qmrxn20_sn2,3,strain,0.7432036359060031
M_delta,qmrxn20_sn2,3,Pauli,0.46352561436056183
M_delta,qmrxn20_sn2,3,V_elst,0.4453302871698677
M_delta,qmrxn20_sn2,3,oi,0.7593769367843429
M_delta,qmrxn20_sn2,3,disp,0.2711346167650964
M_delta,qmrxn20_sn2,3,barrier,0.713912035568544
M_delta,rgd1,3,strain,1.0132222701848494
M_delta,rgd1,3,Pauli,0.9813258158510205
M_delta,rgd1,3,V_elst,1.0175359068204746
M_delta,rgd1,3,oi,1.0782066763831635
M_delta,rgd1,3,disp,0.8451334504827583
M_delta,rgd1,3,barrier,1.5128308057480115
M_delta,dipolar,4,strain,0.8694381103493274
M_delta,dipolar,4,Pauli,0.9191678862266194
M_delta,dipolar,4,V_elst,0.9110608999614821
M_delta,dipolar,4,oi,0.8634507870784689
M_delta,dipolar,4,disp,0.9933887039081375
M_delta,dipolar,4,barrier,1.6589106737791415
M_delta,qmrxn20_e2,4,strain,0.6416267857882489
M_delta,qmrxn20_e2,4,Pauli,0.7491931952931932
M_delta,qmrxn20_e2,4,V_elst,0.6693033117538979
M_delta,qmrxn20_e2,4,oi,0.7172344053427349
M_delta,qmrxn20_e2,4,disp,0.8216537503139072
M_delta,qmrxn20_e2,4,barrier,1.1453141237544937
M_delta,qmrxn20_sn2,4,strain,0.714630622182799
M_delta,qmrxn20_sn2,4,Pauli,0.4659571976135014
M_delta,qmrxn20_sn2,4,V_elst,0.33015890200044157
M_delta,qmrxn20_sn2,4,oi,1.29503189707016
M_delta,qmrxn20_sn2,4,disp,0.2096553743223335
M_delta,qmrxn20_sn2,4,barrier,1.0553198199127167
M_delta,rgd1,4,strain,0.8848680996984408
M_delta,rgd1,4,Pauli,0.9183379487208471
M_delta,rgd1,4,V_elst,0.9452615919602989
M_delta,rgd1,4,oi,0.942874215109233
M_delta,rgd1,4,disp,0.7638070751779241
M_delta,rgd1,4,barrier,1.7557217331350552
M_delta,dipolar,4,strain,0.9647616302176533
M_delta,dipolar,4,Pauli,1.0470104100185968
M_delta,dipolar,4,V_elst,1.085191792969623
M_delta,dipolar,4,oi,0.9730291055877455
M_delta,dipolar,4,disp,1.408914546376088
M_delta,dipolar,4,barrier,1.0954042739730094
M_delta,qmrxn20_e2,4,strain,0.7713538917229329
M_delta,qmrxn20_e2,4,Pauli,0.7081189935792555
M_delta,qmrxn20_e2,4,V_elst,0.5805856744023355
M_delta,qmrxn20_e2,4,oi,0.6953405672952087
M_delta,qmrxn20_e2,4,disp,1.4539290437041206
M_delta,qmrxn20_e2,4,barrier,1.9379142081964016
M_delta,qmrxn20_sn2,4,strain,1.0930226195801693
M_delta,qmrxn20_sn2,4,Pauli,0.65437670258343
M_delta,qmrxn20_sn2,4,V_elst,0.7544324502581001
M_delta,qmrxn20_sn2,4,oi,1.4078097169344848
M_delta,qmrxn20_sn2,4,disp,0.4434557142384104
M_delta,qmrxn20_sn2,4,barrier,1.1897778902419225
M_delta,rgd1,4,strain,1.2679627266819489
M_delta,rgd1,4,Pauli,0.7725773836368474
M_delta,rgd1,4,V_elst,0.8893073607642507
M_delta,rgd1,4,oi,0.7547857432040834
M_delta,rgd1,4,disp,0.8712105237550236
M_delta,rgd1,4,barrier,3.1391330812038882
M_delta,dipolar,4,strain,0.9274657513577763
M_delta,dipolar,4,Pauli,0.9919552743558404
M_delta,dipolar,4,V_elst,1.0165062694554166
M_delta,dipolar,4,oi,0.9141957084701038
M_delta,dipolar,4,disp,1.2224438860446176
M_delta,dipolar,4,barrier,1.3553044035318242
M_delta,qmrxn20_e2,4,strain,0.6817326585034361
M_delta,qmrxn20_e2,4,Pauli,0.603661625417307
M_delta,qmrxn20_e2,4,V_elst,0.6211336498948558
M_delta,qmrxn20_e2,4,oi,0.6629842811326869
M_delta,qmrxn20_e2,4,disp,0.8774076595831611
M_delta,qmrxn20_e2,4,barrier,1.6826490144294963
M_delta,qmrxn20_sn2,4,strain,1.0246954249682985
M_delta,qmrxn20_sn2,4,Pauli,0.46435698243527623
M_delta,qmrxn20_sn2,4,V_elst,0.8291141146588779
M_delta,qmrxn20_sn2,4,oi,1.2589705161417255
M_delta,qmrxn20_sn2,4,disp,0.397981856234833
M_delta,qmrxn20_sn2,4,barrier,1.089419918803393
M_delta,rgd1,4,strain,1.1810581406106375
M_delta,rgd1,4,Pauli,0.8558411136468351
M_delta,rgd1,4,V_elst,0.9963228579421114
M_delta,rgd1,4,oi,0.8282648771883782
M_delta,rgd1,4,disp,0.8772173029126659
M_delta,rgd1,4,barrier,3.2267074684191983
M_delta,dipolar,4,strain,0.9659344651051965
M_delta,dipolar,4,Pauli,0.9725830356188516
M_delta,dipolar,4,V_elst,1.0032255498919063
M_delta,dipolar,4,oi,0.9511447905186576
M_delta,dipolar,4,disp,1.130308173621207
M_delta,dipolar,4,barrier,1.0135908898540018
M_delta,qmrxn20_e2,4,strain,0.9255889932093779
M_delta,qmrxn20_e2,4,Pauli,0.7479111307601581
M_delta,qmrxn20_e2,4,V_elst,0.7533913850829441
M_delta,qmrxn20_e2,4,oi,0.7445690650665352
M_delta,qmrxn20_e2,4,disp,1.141498486509243
M_delta,qmrxn20_e2,4,barrier,1.7927488984028879
M_delta,qmrxn20_sn2,4,strain,1.026032485027137
M_delta,qmrxn20_sn2,4,Pauli,0.6566720202094383
M_delta,qmrxn20_sn2,4,V_elst,0.9460212183224267
M_delta,qmrxn20_sn2,4,oi,1.272814346160667
M_delta,qmrxn20_sn2,4,disp,0.3939712396098317
M_delta,qmrxn20_sn2,4,barrier,1.1503746680965887
M_delta,rgd1,4,strain,1.3510664445989264
M_delta,rgd1,4,Pauli,0.9333186912009772
M_delta,rgd1,4,V_elst,1.0217491749755507
M_delta,rgd1,4,oi,0.9286746620634021
M_delta,rgd1,4,disp,0.8754475932358339
M_delta,rgd1,4,barrier,3.186030149703185
M_delta,dipolar,4,strain,0.8436927345803951
M_delta,dipolar,4,Pauli,0.9591161902877551
M_delta,dipolar,4,V_elst,0.9554569844745852
M_delta,dipolar,4,oi,0.8867731907595849
M_delta,dipolar,4,disp,1.1528642032351895
M_delta,dipolar,4,barrier,1.8788436152141017
M_delta,qmrxn20_e2,4,strain,0.6338185828223297
M_delta,qmrxn20_e2,4,Pauli,0.6188130582080177
M_delta,qmrxn20_e2,4,V_elst,0.5744324250556346
M_delta,qmrxn20_e2,4,oi,0.5633286800274384
M_delta,qmrxn20_e2,4,disp,0.8910323341216537
M_delta,qmrxn20_e2,4,barrier,1.371543544500903
M_delta,qmrxn20_sn2,4,strain,0.7749540406676508
M_delta,qmrxn20_sn2,4,Pauli,0.42313318293296953
M_delta,qmrxn20_sn2,4,V_elst,0.42714463933473373
M_delta,qmrxn20_sn2,4,oi,1.1438068298326112
M_delta,qmrxn20_sn2,4,disp,0.31946580171864963
M_delta,qmrxn20_sn2,4,barrier,0.9620616246848928
M_delta,rgd1,4,strain,0.9930326888044718
M_delta,rgd1,4,Pauli,0.8185657705624678
M_delta,rgd1,4,V_elst,0.8445393403080084
M_delta,rgd1,4,oi,0.8176966429299438
M_delta,rgd1,4,disp,1.0326420812445838
M_delta,rgd1,4,barrier,1.9182192794598123
M_bdelta,dipolar,0,strain,1.0608503322286205
M_bdelta,dipolar,0,Pauli,1.208808582925249
M_bdelta,dipolar,0,V_elst,1.0861840234358828
M_bdelta,dipolar,0,oi,1.1635666070630897
M_bdelta,dipolar,0,disp,0.4589355421280159
M_bdelta,dipolar,0,barrier,2.617291895837289
M_bdelta,qmrxn20_e2,0,strain,0.9524005583231605
M_bdelta,qmrxn20_e2,0,Pauli,0.7633056471089801
M_bdelta,qmrxn20_e2,0,V_elst,0.7001945917369049
M_bdelta,qmrxn20_e2,0,oi,0.7652711934133446
M_bdelta,qmrxn20_e2,0,disp,1.1843199005675809
M_bdelta,qmrxn20_e2,0,barrier,0.8559789665551288
M_bdelta,qmrxn20_sn2,0,strain,0.8828325813713204
M_bdelta,qmrxn20_sn2,0,Pauli,0.959655447570434
M_bdelta,qmrxn20_sn2,0,V_elst,0.6400131377360359
M_bdelta,qmrxn20_sn2,0,oi,1.2699958901264674
M_bdelta,qmrxn20_sn2,0,disp,0.6918443288983006
M_bdelta,qmrxn20_sn2,0,barrier,1.1051973335017857
M_bdelta,rgd1,0,strain,1.1113430544947032
M_bdelta,rgd1,0,Pauli,0.7784218433295969
M_bdelta,rgd1,0,V_elst,0.8492389199839356
M_bdelta,rgd1,0,oi,0.805475615117096
M_bdelta,rgd1,0,disp,0.7481556563322604
M_bdelta,rgd1,0,barrier,1.00596017748822
M_bdelta,dipolar,0,strain,1.0435784877352063
M_bdelta,dipolar,0,Pauli,1.2903879355527794
M_bdelta,dipolar,0,V_elst,1.14424005938839
M_bdelta,dipolar,0,oi,1.2611671625144527
M_bdelta,dipolar,0,disp,0.4466938778627165
M_bdelta,dipolar,0,barrier,3.0122002915392847
M_bdelta,qmrxn20_e2,0,strain,1.0390502570094926
M_bdelta,qmrxn20_e2,0,Pauli,0.8673509712355926
M_bdelta,qmrxn20_e2,0,V_elst,0.8025025805828384
M_bdelta,qmrxn20_e2,0,oi,0.8381080238808278
M_bdelta,qmrxn20_e2,0,disp,1.1418059010879995
M_bdelta,qmrxn20_e2,0,barrier,0.9259093757320868
M_bdelta,qmrxn20_sn2,0,strain,0.9184881832977398
M_bdelta,qmrxn20_sn2,0,Pauli,0.8597397417133273
M_bdelta,qmrxn20_sn2,0,V_elst,0.5626112573127493
M_bdelta,qmrxn20_sn2,0,oi,1.1513596228341538
M_bdelta,qmrxn20_sn2,0,disp,0.7317603916448088
M_bdelta,qmrxn20_sn2,0,barrier,1.1139588386747001
M_bdelta,rgd1,0,strain,1.0601951674433192
M_bdelta,rgd1,0,Pauli,0.7436675211834943
M_bdelta,rgd1,0,V_elst,0.8244839616657221
M_bdelta,rgd1,0,oi,0.8067011338572266
M_bdelta,rgd1,0,disp,0.7457010852261393
M_bdelta,rgd1,0,barrier,1.176780781679613
M_bdelta,dipolar,0,strain,1.0305579067552384
M_bdelta,dipolar,0,Pauli,1.2090991866190246
M_bdelta,dipolar,0,V_elst,1.0593586596984648
M_bdelta,dipolar,0,oi,1.2005718149513795
M_bdelta,dipolar,0,disp,0.45654356634618115
M_bdelta,dipolar,0,barrier,2.399386395950477
M_bdelta,qmrxn20_e2,0,strain,0.9692662526281849
M_bdelta,qmrxn20_e2,0,Pauli,0.8103743458970833
M_bdelta,qmrxn20_e2,0,V_elst,0.7279097895508814
M_bdelta,qmrxn20_e2,0,oi,0.8069361004866056
M_bdelta,qmrxn20_e2,0,disp,1.1159160648474569
M_bdelta,qmrxn20_e2,0,barrier,0.8581240113407494
M_bdelta,qmrxn20_sn2,0,strain,0.8899964862675431
M_bdelta,qmrxn20_sn2,0,Pauli,0.8641535477265547
M_bdelta,qmrxn20_sn2,0,V_elst,0.5238963687308408
M_bdelta,qmrxn20_sn2,0,oi,1.190411038759487
M_bdelta,qmrxn20_sn2,0,disp,0.7035439931495239
M_bdelta,qmrxn20_sn2,0,barrier,1.0832571896146759
M_bdelta,rgd1,0,strain,1.0605536919821905
M_bdelta,rgd1,0,Pauli,0.7305588674803691
M_bdelta,rgd1,0,V_elst,0.7976129920858267
M_bdelta,rgd1,0,oi,0.7887351180819845
M_bdelta,rgd1,0,disp,0.7487376228467486
M_bdelta,rgd1,0,barrier,1.1038888330332546
M_bdelta,dipolar,0,strain,1.085789234913389
M_bdelta,dipolar,0,Pauli,1.303593593743008
M_bdelta,dipolar,0,V_elst,1.1576180088797097
M_bdelta,dipolar,0,oi,1.2566625575033112
M_bdelta,dipolar,0,disp,0.44523345388365504
M_bdelta,dipolar,0,barrier,2.593526148890005
M_bdelta,qmrxn20_e2,0,strain,0.8425126717735908
M_bdelta,qmrxn20_e2,0,Pauli,0.5535163947702253
M_bdelta,qmrxn20_e2,0,V_elst,0.5307705760984861
M_bdelta,qmrxn20_e2,0,oi,0.573906413415389
M_bdelta,qmrxn20_e2,0,disp,1.0913288445888307
M_bdelta,qmrxn20_e2,0,barrier,0.8094041299430734
M_bdelta,qmrxn20_sn2,0,strain,1.0844633657400413
M_bdelta,qmrxn20_sn2,0,Pauli,1.2106454407272065
M_bdelta,qmrxn20_sn2,0,V_elst,0.8102614394847028
M_bdelta,qmrxn20_sn2,0,oi,1.4332388230138662
M_bdelta,qmrxn20_sn2,0,disp,0.6703350974317352
M_bdelta,qmrxn20_sn2,0,barrier,1.0785677369170001
M_bdelta,rgd1,0,strain,1.1554873187528316
M_bdelta,rgd1,0,Pauli,0.6998742172652306
M_bdelta,rgd1,0,V_elst,0.7124452186998387
M_bdelta,rgd1,0,oi,0.8017875172838943
M_bdelta,rgd1,0,disp,0.7845849720831192
M_bdelta,rgd1,0,barrier,1.100133775371069
M_bdelta,dipolar,0,strain,1.0031626813638186
M_bdelta,dipolar,0,Pauli,1.186533744011652
M_bdelta,dipolar,0,V_elst,1.083029740388471
M_bdelta,dipolar,0,oi,1.1613582371882263
M_bdelta,dipolar,0,disp,0.4434706176193798
M_bdelta,dipolar,0,barrier,3.4479179076544493
M_bdelta,qmrxn20_e2,0,strain,1.1694249369779521
M_bdelta,qmrxn20_e2,0,Pauli,0.9155775344204339
M_bdelta,qmrxn20_e2,0,V_elst,0.9460965712370878
M_bdelta,qmrxn20_e2,0,oi,0.8763998343829398
M_bdelta,qmrxn20_e2,0,disp,1.1023220940424672
M_bdelta,qmrxn20_e2,0,barrier,1.0601274085611958
M_bdelta,qmrxn20_sn2,0,strain,0.821039548964665
M_bdelta,qmrxn20_sn2,0,Pauli,1.0242663662417812
M_bdelta,qmrxn20_sn2,0,V_elst,0.6679855243501499
M_bdelta,qmrxn20_sn2,0,oi,1.155008916201826
M_bdelta,qmrxn20_sn2,0,disp,0.7043722281938383
M_bdelta,qmrxn20_sn2,0,barrier,1.1165156671215286
M_bdelta,rgd1,0,strain,1.002248998159584
M_bdelta,rgd1,0,Pauli,0.719842394405032
M_bdelta,rgd1,0,V_elst,0.7321988038676974
M_bdelta,rgd1,0,oi,0.7213131385040329
M_bdelta,rgd1,0,disp,0.7317058022744561
M_bdelta,rgd1,0,barrier,1.178890368891224
M_bdelta,dipolar,1,strain,0.9584282699405587
M_bdelta,dipolar,1,Pauli,1.6838370284551356
M_bdelta,dipolar,1,V_elst,1.4197493150305769
M_bdelta,dipolar,1,oi,1.660977468506288
M_bdelta,dipolar,1,disp,0.6941780247189683
M_bdelta,dipolar,1,barrier,2.3274888040361636
M_bdelta,qmrxn20_e2,1,strain,0.9987560316098594
M_bdelta,qmrxn20_e2,1,Pauli,0.8178560704134372
M_bdelta,qmrxn20_e2,1,V_elst,0.7851576999084285
M_bdelta,qmrxn20_e2,1,oi,0.8727632495752295
M_bdelta,qmrxn20_e2,1,disp,1.0234165527290247
M_bdelta,qmrxn20_e2,1,barrier,1.2009382091656244
M_bdelta,qmrxn20_sn2,1,strain,1.4755719049206895
M_bdelta,qmrxn20_sn2,1,Pauli,0.9393033046327015
M_bdelta,qmrxn20_sn2,1,V_elst,0.48065223328728796
M_bdelta,qmrxn20_sn2,1,oi,2.704542983313564
M_bdelta,qmrxn20_sn2,1,disp,0.7884864375639565
M_bdelta,qmrxn20_sn2,1,barrier,1.0775955927586907
M_bdelta,rgd1,1,strain,0.9132827369132701
M_bdelta,rgd1,1,Pauli,0.6541227086401196
M_bdelta,rgd1,1,V_elst,0.599071435035753
M_bdelta,rgd1,1,oi,0.7209180183907281
M_bdelta,rgd1,1,disp,0.8826677698089747
M_bdelta,rgd1,1,barrier,1.1567594930101137
M_bdelta,dipolar,1,strain,0.9459242936961934
M_bdelta,dipolar,1,Pauli,1.3460315416309032
M_bdelta,dipolar,1,V_elst,1.2405413916937007
M_bdelta,dipolar,1,oi,1.350170306101721
M_bdelta,dipolar,1,disp,0.6652066500817602
M_bdelta,dipolar,1,barrier,2.5898101231293182
M_bdelta,qmrxn20_e2,1,strain,0.9157307561978846
M_bdelta,qmrxn20_e2,1,Pauli,0.8545682546361195
M_bdelta,qmrxn20_e2,1,V_elst,0.8342896264136564
M_bdelta,qmrxn20_e2,1,oi,0.9154151610127078
M_bdelta,qmrxn20_e2,1,disp,1.0184812000277899
M_bdelta,qmrxn20_e2,1,barrier,1.2284089036350807
M_bdelta,qmrxn20_sn2,1,strain,1.7393210688758436
M_bdelta,qmrxn20_sn2,1,Pauli,1.1911641960837724
M_bdelta,qmrxn20_sn2,1,V_elst,0.5826979854431015
M_bdelta,qmrxn20_sn2,1,oi,3.025133681878931
M_bdelta,qmrxn20_sn2,1,disp,0.752795551873598
M_bdelta,qmrxn20_sn2,1,barrier,1.1658480627237953
M_bdelta,rgd1,1,strain,1.0361282033649823
M_bdelta,rgd1,1,Pauli,0.789956868155766
M_bdelta,rgd1,1,V_elst,0.6760665522484263
M_bdelta,rgd1,1,oi,0.876194415154871
M_bdelta,rgd1,1,disp,0.880524649398293
M_bdelta,rgd1,1,barrier,1.1694918552168108
M_bdelta,dipolar,1,strain,0.9142274202622003
M_bdelta,dipolar,1,Pauli,1.4920714868650222
M_bdelta,dipolar,1,V_elst,1.232262033812656
M_bdelta,dipolar,1,oi,1.5025352141683246
M_bdelta,dipolar,1,disp,0.6420225267466704
M_bdelta,dipolar,1,barrier,2.3001275394176672
M_bdelta,qmrxn20_e2,1,strain,1.16969705372869
M_bdelta,qmrxn20_e2,1,Pauli,1.0003999724116701
M_bdelta,qmrxn20_e2,1,V_elst,1.090426379983717
M_bdelta,qmrxn20_e2,1,oi,1.0106484099123223
M_bdelta,qmrxn20_e2,1,disp,1.0179940357301243
M_bdelta,qmrxn20_e2,1,barrier,1.24219594876039
M_bdelta,qmrxn20_sn2,1,strain,1.4320857558304632
M_bdelta,qmrxn20_sn2,1,Pauli,0.9981261542743677
M_bdelta,qmrxn20_sn2,1,V_elst,0.5319680211254246
M_bdelta,qmrxn20_sn2,1,oi,2.9800412861149863
M_bdelta,qmrxn20_sn2,1,disp,0.7391566090991998
M_bdelta,qmrxn20_sn2,1,barrier,1.0792237034776384
M_bdelta,rgd1,1,strain,0.8294292749655707
M_bdelta,rgd1,1,Pauli,0.6658075786360285
M_bdelta,rgd1,1,V_elst,0.6767142223880508
M_bdelta,rgd1,1,oi,0.735847288168649
M_bdelta,rgd1,1,disp,0.8626387959519133
M_bdelta,rgd1,1,barrier,1.1670653254643948
M_bdelta,dipolar,1,strain,0.9061841006304113
M_bdelta,dipolar,1,Pauli,1.2683811971483003
M_bdelta,dipolar,1,V_elst,1.184645290028853
M_bdelta,dipolar,1,oi,1.3500243479939762
M_bdelta,dipolar,1,disp,0.6555124965549481
M_bdelta,dipolar,1,barrier,2.8554218113074197
M_bdelta,qmrxn20_e2,1,strain,0.8393748170287986
M_bdelta,qmrxn20_e2,1,Pauli,0.7380512279318816
M_bdelta,qmrxn20_e2,1,V_elst,0.7233832509177622
M_bdelta,qmrxn20_e2,1,oi,0.8058028235124911
M_bdelta,qmrxn20_e2,1,disp,1.0487873319571455
M_bdelta,qmrxn20_e2,1,barrier,1.3073691069445499
M_bdelta,qmrxn20_sn2,1,strain,1.4655818827740645
M_bdelta,qmrxn20_sn2,1,Pauli,0.995712962588674
M_bdelta,qmrxn20_sn2,1,V_elst,0.4573767050362037
M_bdelta,qmrxn20_sn2,1,oi,2.8275844769182745
M_bdelta,qmrxn20_sn2,1,disp,0.7792945467296342
M_bdelta,qmrxn20_sn2,1,barrier,1.283904737597728
M_bdelta,rgd1,1,strain,0.9947511635282568
M_bdelta,rgd1,1,Pauli,0.7467529293071983
M_bdelta,rgd1,1,V_elst,0.6375127175516828
M_bdelta,rgd1,1,oi,0.8303271752316823
M_bdelta,rgd1,1,disp,0.8985801949727964
M_bdelta,rgd1,1,barrier,1.423114453828099
M_bdelta,dipolar,1,strain,0.9004888310676399
M_bdelta,dipolar,1,Pauli,1.3861637043562804
M_bdelta,dipolar,1,V_elst,1.1806476346474588
M_bdelta,dipolar,1,oi,1.4005341496664843
M_bdelta,dipolar,1,disp,0.642616175750865
M_bdelta,dipolar,1,barrier,2.7689934089808084
M_bdelta,qmrxn20_e2,1,strain,0.8703813470716375
M_bdelta,qmrxn20_e2,1,Pauli,0.892963414542786
M_bdelta,qmrxn20_e2,1,V_elst,0.8463323837692717
M_bdelta,qmrxn20_e2,1,oi,0.9206143151424149
M_bdelta,qmrxn20_e2,1,disp,1.022945413265913
M_bdelta,qmrxn20_e2,1,barrier,1.2255581287349373
M_bdelta,qmrxn20_sn2,1,strain,1.2687141345032609
M_bdelta,qmrxn20_sn2,1,Pauli,1.0446299029450303
M_bdelta,qmrxn20_sn2,1,V_elst,0.4697332870723678
M_bdelta,qmrxn20_sn2,1,oi,2.682832131095675
M_bdelta,qmrxn20_sn2,1,disp,0.6858041534330801
M_bdelta,qmrxn20_sn2,1,barrier,1.2310820863917515
M_bdelta,rgd1,1,strain,0.9775981415013132
M_bdelta,rgd1,1,Pauli,0.7728850743310284
M_bdelta,rgd1,1,V_elst,0.7125267867322952
M_bdelta,rgd1,1,oi,0.8408671854996344
M_bdelta,rgd1,1,disp,0.8882741451337277
M_bdelta,rgd1,1,barrier,1.2222307190135422
M_bdelta,dipolar,2,strain,0.885087465982208
M_bdelta,dipolar,2,Pauli,1.2259562552414711
M_bdelta,dipolar,2,V_elst,1.115960933867161
M_bdelta,dipolar,2,oi,1.2351397321508686
M_bdelta,dipolar,2,disp,0.5415754854611604
M_bdelta,dipolar,2,barrier,2.35961844312356
M_bdelta,qmrxn20_e2,2,strain,0.9174650411598948
M_bdelta,qmrxn20_e2,2,Pauli,0.7282203466065021
M_bdelta,qmrxn20_e2,2,V_elst,0.7673751189656025
M_bdelta,qmrxn20_e2,2,oi,0.7257197846325759
M_bdelta,qmrxn20_e2,2,disp,1.1101081889789475
M_bdelta,qmrxn20_e2,2,barrier,0.9580072595639949
M_bdelta,qmrxn20_sn2,2,strain,0.926179330079848
M_bdelta,qmrxn20_sn2,2,Pauli,0.7537890368004571
M_bdelta,qmrxn20_sn2,2,V_elst,0.6899295899449455
M_bdelta,qmrxn20_sn2,2,oi,0.7675443109138054
M_bdelta,qmrxn20_sn2,2,disp,1.107121997468843
M_bdelta,qmrxn20_sn2,2,barrier,0.889957885384147
M_bdelta,rgd1,2,strain,1.2701990725148709
M_bdelta,rgd1,2,Pauli,0.8944521208319437
M_bdelta,rgd1,2,V_elst,0.9829731363850698
M_bdelta,rgd1,2,oi,1.0377329030606073
M_bdelta,rgd1,2,disp,0.8315587569058281
M_bdelta,rgd1,2,barrier,1.461331060388738
M_bdelta,dipolar,2,strain,0.9796400591299841
M_bdelta,dipolar,2,Pauli,1.386047053814828
M_bdelta,dipolar,2,V_elst,1.2868466885046292
M_bdelta,dipolar,2,oi,1.3870618647476873
M_bdelta,dipolar,2,disp,0.48902655111229143
M_bdelta,dipolar,2,barrier,2.3158525957487215
M_bdelta,qmrxn20_e2,2,strain,0.7752758210679196
M_bdelta,qmrxn20_e2,2,Pauli,0.6362574777399619
M_bdelta,qmrxn20_e2,2,V_elst,0.6895463489664683
M_bdelta,qmrxn20_e2,2,oi,0.6466482702826654
M_bdelta,qmrxn20_e2,2,disp,1.1344450463455387
M_bdelta,qmrxn20_e2,2,barrier,0.95556482721074
M_bdelta,qmrxn20_sn2,2,strain,0.9864047019010024
M_bdelta,qmrxn20_sn2,2,Pauli,0.7762504197220067
M_bdelta,qmrxn20_sn2,2,V_elst,0.6655446415614424
M_bdelta,qmrxn20_sn2,2,oi,0.7692999973802352
M_bdelta,qmrxn20_sn2,2,disp,1.1275670246626484
M_bdelta,qmrxn20_sn2,2,barrier,0.8867195677292599
M_bdelta,rgd1,2,strain,1.1625581852159859
M_bdelta,rgd1,2,Pauli,0.8060124570655712
M_bdelta,rgd1,2,V_elst,0.8907497764890361
M_bdelta,rgd1,2,oi,0.910532822997315
M_bdelta,rgd1,2,disp,0.8664036504659918
M_bdelta,rgd1,2,barrier,1.3058526628780545
M_bdelta,dipolar,2,strain,0.9550646272726924
M_bdelta,dipolar,2,Pauli,1.2788303596278148
M_bdelta,dipolar,2,V_elst,1.2547570160667718
M_bdelta,dipolar,2,oi,1.305085917653403
M_bdelta,dipolar,2,disp,0.5479820634688263
M_bdelta,dipolar,2,barrier,2.2990537306545837
M_bdelta,qmrxn20_e2,2,strain,0.7624620553584741
M_bdelta,qmrxn20_e2,2,Pauli,0.7395401923631539
M_bdelta,qmrxn20_e2,2,V_elst,0.7782916745149699
M_bdelta,qmrxn20_e2,2,oi,0.7172010837601457
M_bdelta,qmrxn20_e2,2,disp,1.0826464123237651
M_bdelta,qmrxn20_e2,2,barrier,0.9975834872963326
M_bdelta,qmrxn20_sn2,2,strain,0.9838005838976163
M_bdelta,qmrxn20_sn2,2,Pauli,0.7580717851505053
M_bdelta,qmrxn20_sn2,2,V_elst,0.689914959357861
M_bdelta,qmrxn20_sn2,2,oi,0.740530613491349
M_bdelta,qmrxn20_sn2,2,disp,1.0940957182430222
M_bdelta,qmrxn20_sn2,2,barrier,0.919631304406366
M_bdelta,rgd1,2,strain,1.1241384424761691
M_bdelta,rgd1,2,Pauli,0.9370122569270517
M_bdelta,rgd1,2,V_elst,1.0589938269013037
M_bdelta,rgd1,2,oi,1.0872259319100153
M_bdelta,rgd1,2,disp,0.852500312513266
M_bdelta,rgd1,2,barrier,1.540868430047457
M_bdelta,dipolar,2,strain,0.9918938097304971
M_bdelta,dipolar,2,Pauli,1.3623488240150925
M_bdelta,dipolar,2,V_elst,1.2417277764362722
M_bdelta,dipolar,2,oi,1.2791917661115602
M_bdelta,dipolar,2,disp,0.534935402419467
M_bdelta,dipolar,2,barrier,1.8651069515384378
M_bdelta,qmrxn20_e2,2,strain,0.7129845082476206
M_bdelta,qmrxn20_e2,2,Pauli,0.6814692782514451
M_bdelta,qmrxn20_e2,2,V_elst,0.7772106401586546
M_bdelta,qmrxn20_e2,2,oi,0.6721888509312247
M_bdelta,qmrxn20_e2,2,disp,1.0955777030914777
M_bdelta,qmrxn20_e2,2,barrier,1.0790891445717776
M_bdelta,qmrxn20_sn2,2,strain,0.9695811701754433
M_bdelta,qmrxn20_sn2,2,Pauli,0.7308801293890363
M_bdelta,qmrxn20_sn2,2,V_elst,0.6975199111512149
M_bdelta,qmrxn20_sn2,2,oi,0.7141653473237561
M_bdelta,qmrxn20_sn2,2,disp,1.1026387018732549
M_bdelta,qmrxn20_sn2,2,barrier,0.8178304563881649
M_bdelta,rgd1,2,strain,1.186191098651648
M_bdelta,rgd1,2,Pauli,1.0205694183153105
M_bdelta,rgd1,2,V_elst,1.10688615883837
M_bdelta,rgd1,2,oi,1.1917656946820736
M_bdelta,rgd1,2,disp,0.8589457501881371
M_bdelta,rgd1,2,barrier,1.3159305503698402
M_bdelta,dipolar,2,strain,1.0439835499891414
M_bdelta,dipolar,2,Pauli,1.446105458500428
M_bdelta,dipolar,2,V_elst,1.3034564594297244
M_bdelta,dipolar,2,oi,1.4078769161741445
M_bdelta,dipolar,2,disp,0.5320207352972738
M_bdelta,dipolar,2,barrier,1.7789181583083444
M_bdelta,qmrxn20_e2,2,strain,0.7916804569202389
M_bdelta,qmrxn20_e2,2,Pauli,0.5942061879716555
M_bdelta,qmrxn20_e2,2,V_elst,0.6019830936367006
M_bdelta,qmrxn20_e2,2,oi,0.6101374914743385
M_bdelta,qmrxn20_e2,2,disp,1.1206391712864967
M_bdelta,qmrxn20_e2,2,barrier,0.9999582699780906
M_bdelta,qmrxn20_sn2,2,strain,0.904686923326575
M_bdelta,qmrxn20_sn2,2,Pauli,0.7847254910789586
M_bdelta,qmrxn20_sn2,2,V_elst,0.7856318940479716
M_bdelta,qmrxn20_sn2,2,oi,0.7127597699567226
M_bdelta,qmrxn20_sn2,2,disp,1.1234815701975758
M_bdelta,qmrxn20_sn2,2,barrier,0.8997359277984014
M_bdelta,rgd1,2,strain,1.2688272126683005
M_bdelta,rgd1,2,Pauli,0.9917170987159698
M_bdelta,rgd1,2,V_elst,1.0539477480993171
M_bdelta,rgd1,2,oi,1.0964636650069188
M_bdelta,rgd1,2,disp,0.840156053077188
M_bdelta,rgd1,2,barrier,1.1386892361819363
M_bdelta,dipolar,3,strain,1.3549805194190947
M_bdelta,dipolar,3,Pauli,1.3449490158147872
M_bdelta,dipolar,3,V_elst,1.3808568600138391
M_bdelta,dipolar,3,oi,1.3143835545467655
M_bdelta,dipolar,3,disp,0.5615237351131338
M_bdelta,dipolar,3,barrier,1.9541456509653787
M_bdelta,qmrxn20_e2,3,strain,0.89128414606884
M_bdelta,qmrxn20_e2,3,Pauli,0.7481628459010013
M_bdelta,qmrxn20_e2,3,V_elst,0.6521851956262
M_bdelta,qmrxn20_e2,3,oi,0.7597156409498179
M_bdelta,qmrxn20_e2,3,disp,1.0040977394624597
M_bdelta,qmrxn20_e2,3,barrier,0.8929191148242327
M_bdelta,qmrxn20_sn2,3,strain,0.9013965145383325
M_bdelta,qmrxn20_sn2,3,Pauli,1.125696601371268
M_bdelta,qmrxn20_sn2,3,V_elst,0.7156416728021926
M_bdelta,qmrxn20_sn2,3,oi,1.4295733494655238
M_bdelta,qmrxn20_sn2,3,disp,0.7902393287203144
M_bdelta,qmrxn20_sn2,3,barrier,0.970433187955036
M_bdelta,rgd1,3,strain,1.0516214770373045
M_bdelta,rgd1,3,Pauli,0.7692895385017798
M_bdelta,rgd1,3,V_elst,0.8001601090492285
M_bdelta,rgd1,3,oi,0.8698968423248208
M_bdelta,rgd1,3,disp,0.8769703834882304
M_bdelta,rgd1,3,barrier,1.0411255946152045
M_bdelta,dipolar,3,strain,1.1893066468807294
M_bdelta,dipolar,3,Pauli,1.4513695373820579
M_bdelta,dipolar,3,V_elst,1.3874445250698793
M_bdelta,dipolar,3,oi,1.4227816170959098
M_bdelta,dipolar,3,disp,0.5528433445690446
M_bdelta,dipolar,3,barrier,2.0355755774866293
M_bdelta,qmrxn20_e2,3,strain,0.8762302325358667
M_bdelta,qmrxn20_e2,3,Pauli,0.6441243321318144
M_bdelta,qmrxn20_e2,3,V_elst,0.5838247097909199
M_bdelta,qmrxn20_e2,3,oi,0.6975771570770616
M_bdelta,qmrxn20_e2,3,disp,0.9838156193419059
M_bdelta,qmrxn20_e2,3,barrier,0.9350680103739004
M_bdelta,qmrxn20_sn2,3,strain,0.8978876124485328
M_bdelta,qmrxn20_sn2,3,Pauli,1.409727445061103
M_bdelta,qmrxn20_sn2,3,V_elst,0.8999191400170499
M_bdelta,qmrxn20_sn2,3,oi,1.4801939204614953
M_bdelta,qmrxn20_sn2,3,disp,0.7760286098352854
M_bdelta,qmrxn20_sn2,3,barrier,1.0448299986221767
M_bdelta,rgd1,3,strain,1.0342414446907806
M_bdelta,rgd1,3,Pauli,0.8404690699147152
M_bdelta,rgd1,3,V_elst,0.879132970776378
M_bdelta,rgd1,3,oi,1.0097709404759363
M_bdelta,rgd1,3,disp,0.8415251062589619
M_bdelta,rgd1,3,barrier,0.9985601301797898
M_bdelta,dipolar,3,strain,1.0178973491641026
M_bdelta,dipolar,3,Pauli,1.436545689919063
M_bdelta,dipolar,3,V_elst,1.321170690658684
M_bdelta,dipolar,3,oi,1.3886493418896295
M_bdelta,dipolar,3,disp,0.5513976848211296
M_bdelta,dipolar,3,barrier,1.996641356620447
M_bdelta,qmrxn20_e2,3,strain,0.7971877240531776
M_bdelta,qmrxn20_e2,3,Pauli,0.6288866867484478
M_bdelta,qmrxn20_e2,3,V_elst,0.5682336180237116
M_bdelta,qmrxn20_e2,3,oi,0.693923868581013
M_bdelta,qmrxn20_e2,3,disp,0.9129260566925832
M_bdelta,qmrxn20_e2,3,barrier,0.9258991892893174
M_bdelta,qmrxn20_sn2,3,strain,0.9426916550774778
M_bdelta,qmrxn20_sn2,3,Pauli,1.2123911404129806
M_bdelta,qmrxn20_sn2,3,V_elst,0.8912559421211985
M_bdelta,qmrxn20_sn2,3,oi,1.3431653606905716
M_bdelta,qmrxn20_sn2,3,disp,0.6030785792022642
M_bdelta,qmrxn20_sn2,3,barrier,1.0771083735836977
M_bdelta,rgd1,3,strain,1.1981428609150335
M_bdelta,rgd1,3,Pauli,0.8802240985593462
M_bdelta,rgd1,3,V_elst,0.8993821046416817
M_bdelta,rgd1,3,oi,1.0967054434981878
M_bdelta,rgd1,3,disp,0.7831441802969846
M_bdelta,rgd1,3,barrier,0.9977926835226643
M_bdelta,dipolar,3,strain,1.3238123062804346
M_bdelta,dipolar,3,Pauli,1.70254368488063
M_bdelta,dipolar,3,V_elst,1.6156114888267101
M_bdelta,dipolar,3,oi,1.6714541451000964
M_bdelta,dipolar,3,disp,0.5648812931147408
M_bdelta,dipolar,3,barrier,1.920758208839144
M_bdelta,qmrxn20_e2,3,strain,0.8021960121222597
M_bdelta,qmrxn20_e2,3,Pauli,0.7037600059504328
M_bdelta,qmrxn20_e2,3,V_elst,0.6270892692165034
M_bdelta,qmrxn20_e2,3,oi,0.7215544459219377
M_bdelta,qmrxn20_e2,3,disp,0.946268393743657
M_bdelta,qmrxn20_e2,3,barrier,0.9372873924570992
M_bdelta,qmrxn20_sn2,3,strain,0.8720484872143212
M_bdelta,qmrxn20_sn2,3,Pauli,1.1386858640242556
M_bdelta,qmrxn20_sn2,3,V_elst,0.8234210189093477
M_bdelta,qmrxn20_sn2,3,oi,1.4459327449234904
M_bdelta,qmrxn20_sn2,3,disp,0.8213203476508002
M_bdelta,qmrxn20_sn2,3,barrier,1.0263153248352326
M_bdelta,rgd1,3,strain,0.996506916523511
M_bdelta,rgd1,3,Pauli,0.8469290949299227
M_bdelta,rgd1,3,V_elst,0.8743645408015298
M_bdelta,rgd1,3,oi,1.03031206194423
M_bdelta,rgd1,3,disp,0.8286318863975036
M_bdelta,rgd1,3,barrier,1.01734853681723
M_bdelta,dipolar,3,strain,1.1106635697493736
M_bdelta,dipolar,3,Pauli,1.059815229538626
M_bdelta,dipolar,3,V_elst,1.0079833665006313
M_bdelta,dipolar,3,oi,0.9749797269196796
M_bdelta,dipolar,3,disp,0.573587781789625
M_bdelta,dipolar,3,barrier,2.139841304935826
M_bdelta,qmrxn20_e2,3,strain,0.8647423960821997
M_bdelta,qmrxn20_e2,3,Pauli,0.6977491646826072
M_bdelta,qmrxn20_e2,3,V_elst,0.593934491407685
M_bdelta,qmrxn20_e2,3,oi,0.7367133517543203
M_bdelta,qmrxn20_e2,3,disp,0.9449480355637557
M_bdelta,qmrxn20_e2,3,barrier,0.9356109702653455
M_bdelta,qmrxn20_sn2,3,strain,0.9248751429090016
M_bdelta,qmrxn20_sn2,3,Pauli,1.083167886953063
M_bdelta,qmrxn20_sn2,3,V_elst,0.8119229218684679
M_bdelta,qmrxn20_sn2,3,oi,1.2542941530603076
M_bdelta,qmrxn20_sn2,3,disp,0.8226722826444364
M_bdelta,qmrxn20_sn2,3,barrier,1.004429879876027
M_bdelta,rgd1,3,strain,1.0028949286033702
M_bdelta,rgd1,3,Pauli,0.7450228090887411
M_bdelta,rgd1,3,V_elst,0.7964405876845231
M_bdelta,rgd1,3,oi,0.8672869159491758
M_bdelta,rgd1,3,disp,0.8353071210907019
M_bdelta,rgd1,3,barrier,1.0345979322132022
M_bdelta,dipolar,4,strain,1.0014343310680918
M_bdelta,dipolar,4,Pauli,1.0688408906209625
M_bdelta,dipolar,4,V_elst,0.9984909169772671
M_bdelta,dipolar,4,oi,1.0953942961399
M_bdelta,dipolar,4,disp,0.752120793784225
M_bdelta,dipolar,4,barrier,2.369705555740858
M_bdelta,qmrxn20_e2,4,strain,1.0748430373760545
M_bdelta,qmrxn20_e2,4,Pauli,0.8985916752525683
M_bdelta,qmrxn20_e2,4,V_elst,0.8206789208812287
M_bdelta,qmrxn20_e2,4,oi,0.7904224424055669
M_bdelta,qmrxn20_e2,4,disp,1.8853003840589255
M_bdelta,qmrxn20_e2,4,barrier,0.9674116616840623
M_bdelta,qmrxn20_sn2,4,strain,0.8376844833799989
M_bdelta,qmrxn20_sn2,4,Pauli,0.9367644993521328
M_bdelta,qmrxn20_sn2,4,V_elst,0.5463497460280368
M_bdelta,qmrxn20_sn2,4,oi,1.5396455931916448
M_bdelta,qmrxn20_sn2,4,disp,0.8082273392115921
M_bdelta,qmrxn20_sn2,4,barrier,1.117948591603464
M_bdelta,rgd1,4,strain,0.8829313046076528
M_bdelta,rgd1,4,Pauli,0.7032051058086194
M_bdelta,rgd1,4,V_elst,0.7654128045618794
M_bdelta,rgd1,4,oi,0.6687750626891366
M_bdelta,rgd1,4,disp,0.7437049825468534
M_bdelta,rgd1,4,barrier,1.1679180447474513
M_bdelta,dipolar,4,strain,1.0673288416498345
M_bdelta,dipolar,4,Pauli,1.2277695512064621
M_bdelta,dipolar,4,V_elst,1.1885770974394811
M_bdelta,dipolar,4,oi,1.229673639889956
M_bdelta,dipolar,4,disp,0.7313318866444689
M_bdelta,dipolar,4,barrier,2.667448678896004
M_bdelta,qmrxn20_e2,4,strain,1.005020590913636
M_bdelta,qmrxn20_e2,4,Pauli,0.8139245234122207
M_bdelta,qmrxn20_e2,4,V_elst,0.7335906595295822
M_bdelta,qmrxn20_e2,4,oi,0.7566155098903584
M_bdelta,qmrxn20_e2,4,disp,1.7016863740672583
M_bdelta,qmrxn20_e2,4,barrier,0.9139986992790748
M_bdelta,qmrxn20_sn2,4,strain,0.848496790370493
M_bdelta,qmrxn20_sn2,4,Pauli,0.9526348137423567
M_bdelta,qmrxn20_sn2,4,V_elst,0.4989525419442081
M_bdelta,qmrxn20_sn2,4,oi,1.848638082126257
M_bdelta,qmrxn20_sn2,4,disp,0.8260919495183264
M_bdelta,qmrxn20_sn2,4,barrier,1.1271825655169967
M_bdelta,rgd1,4,strain,0.8920148049113766
M_bdelta,rgd1,4,Pauli,0.7286163755064657
M_bdelta,rgd1,4,V_elst,0.8417828132634819
M_bdelta,rgd1,4,oi,0.7329265788776864
M_bdelta,rgd1,4,disp,0.7598161377289201
M_bdelta,rgd1,4,barrier,1.3026033112847952
M_bdelta,dipolar,4,strain,1.0611916978469715
M_bdelta,dipolar,4,Pauli,1.1035849230761758
M_bdelta,dipolar,4,V_elst,1.01018307950269
M_bdelta,dipolar,4,oi,1.1283972892151493
M_bdelta,dipolar,4,disp,0.7376203765782311
M_bdelta,dipolar,4,barrier,2.6636557808310846
M_bdelta,qmrxn20_e2,4,strain,1.2986131625779433
M_bdelta,qmrxn20_e2,4,Pauli,0.8859284851661451
M_bdelta,qmrxn20_e2,4,V_elst,0.8681832466132966
M_bdelta,qmrxn20_e2,4,oi,0.8439054460396881
M_bdelta,qmrxn20_e2,4,disp,1.7962264339657585
M_bdelta,qmrxn20_e2,4,barrier,1.1023997223733326
M_bdelta,qmrxn20_sn2,4,strain,0.9641651705994787
M_bdelta,qmrxn20_sn2,4,Pauli,1.1664597149931633
M_bdelta,qmrxn20_sn2,4,V_elst,0.6563253813925463
M_bdelta,qmrxn20_sn2,4,oi,2.0801899430980573
M_bdelta,qmrxn20_sn2,4,disp,0.785397209772963
M_bdelta,qmrxn20_sn2,4,barrier,1.3391260054967347
M_bdelta,rgd1,4,strain,0.8965814624299182
M_bdelta,rgd1,4,Pauli,0.6703565272687793
M_bdelta,rgd1,4,V_elst,0.695880656345958
M_bdelta,rgd1,4,oi,0.6337862135145274
M_bdelta,rgd1,4,disp,0.7268079136585418
M_bdelta,rgd1,4,barrier,1.1958725584445629
M_bdelta,dipolar,4,strain,1.0301538315677994
M_bdelta,dipolar,4,Pauli,1.215964863296208
M_bdelta,dipolar,4,V_elst,1.1138223153858866
M_bdelta,dipolar,4,oi,1.2114181329427705
M_bdelta,dipolar,4,disp,0.7420016177727911
M_bdelta,dipolar,4,barrier,2.2525391866261506
M_bdelta,qmrxn20_e2,4,strain,1.268160572162273
M_bdelta,qmrxn20_e2,4,Pauli,0.9604063386739943
M_bdelta,qmrxn20_e2,4,V_elst,0.9382245607651083
M_bdelta,qmrxn20_e2,4,oi,0.8462664125987401
M_bdelta,qmrxn20_e2,4,disp,1.755642683618784
M_bdelta,qmrxn20_e2,4,barrier,0.9441038201594958
M_bdelta,qmrxn20_sn2,4,strain,0.7934986942009763
M_bdelta,qmrxn20_sn2,4,Pauli,1.3249863393527244
M_bdelta,qmrxn20_sn2,4,V_elst,0.7122870794964349
M_bdelta,qmrxn20_sn2,4,oi,1.979853035928765
M_bdelta,qmrxn20_sn2,4,disp,0.8479530596320825
M_bdelta,qmrxn20_sn2,4,barrier,1.1479904738656375
M_bdelta,rgd1,4,strain,0.9709359086637618
M_bdelta,rgd1,4,Pauli,0.6948831402856345
M_bdelta,rgd1,4,V_elst,0.7496522666747254
M_bdelta,rgd1,4,oi,0.7760225831640151
M_bdelta,rgd1,4,disp,0.7631400611292736
M_bdelta,rgd1,4,barrier,1.168997832011328
M_bdelta,dipolar,4,strain,1.031484807320745
M_bdelta,dipolar,4,Pauli,1.1753318949060272
M_bdelta,dipolar,4,V_elst,1.1171207214106251
M_bdelta,dipolar,4,oi,1.171548669692913
M_bdelta,dipolar,4,disp,0.7088709944391993
M_bdelta,dipolar,4,barrier,2.1528684148112394
M_bdelta,qmrxn20_e2,4,strain,0.9841850683366337
M_bdelta,qmrxn20_e2,4,Pauli,0.6996415353471575
M_bdelta,qmrxn20_e2,4,V_elst,0.6273461392066872
M_bdelta,qmrxn20_e2,4,oi,0.6657227760900896
M_bdelta,qmrxn20_e2,4,disp,1.828079537576255
M_bdelta,qmrxn20_e2,4,barrier,0.9051382890526716
M_bdelta,qmrxn20_sn2,4,strain,0.8140399598620928
M_bdelta,qmrxn20_sn2,4,Pauli,0.9802813726321786
M_bdelta,qmrxn20_sn2,4,V_elst,0.6032156152481144
M_bdelta,qmrxn20_sn2,4,oi,1.7118802314504382
M_bdelta,qmrxn20_sn2,4,disp,0.8239609965126184
M_bdelta,qmrxn20_sn2,4,barrier,1.0638489625208531
M_bdelta,rgd1,4,strain,0.8577338829425069
M_bdelta,rgd1,4,Pauli,0.7370070290704474
M_bdelta,rgd1,4,V_elst,0.8496110952978582
M_bdelta,rgd1,4,oi,0.7246299663900895
M_bdelta,rgd1,4,disp,0.7387910020013518
M_bdelta,rgd1,4,barrier,1.193401629090334
