reaction_id,sub_source,n_heavy,rmsd_ang,verdict,source_id,stuyver_path
dipolar_000009,spec16,12,9.960253892969391e-16,identical_lineage,9,/gpfs/tmp_cpu2/yeseo1ee/eda_asm_raw/dipolar_cycloaddition/extracted/full_dataset_profiles/9/TS_imag_mode.xyz
dipolar_000017,locked_778,13,0.013697736392501329,same_structure_precision_diff,17,/gpfs/tmp_cpu2/yeseo1ee/eda_asm_raw/dipolar_cycloaddition/extracted/full_dataset_profiles/17/TS_imag_mode.xyz
dipolar_000027,spec16,14,7.491825221699284e-16,identical_lineage,27,/gpfs/tmp_cpu2/yeseo1ee/eda_asm_raw/dipolar_cycloaddition/extracted/full_dataset_profiles/27/TS_imag_mode.xyz
dipolar_000034,locked_778,15,0.012846306988800993,same_structure_precision_diff,34,/gpfs/tmp_cpu2/yeseo1ee/eda_asm_raw/dipolar_cycloaddition/extracted/full_dataset_profiles/34/TS_imag_mode.xyz
dipolar_000036,locked_778,14,0.01294835478176026,same_structure_precision_diff,36,/gpfs/tmp_cpu2/yeseo1ee/eda_asm_raw/dipolar_cycloaddition/extracted/full_dataset_profiles/36/TS_imag_mode.xyz
dipolar_000041,locked_778,15,0.01263456853268718,same_structure_precision_diff,41,/gpfs/tmp_cpu2/yeseo1ee/eda_asm_raw/dipolar_cycloaddition/extracted/full_dataset_profiles/41/TS_imag_mode.xyz
dipolar_000049,locked_778,15,0.012502414419346452,same_structure_precision_diff,49,/gpfs/tmp_cpu2/yeseo1ee/eda_asm_raw/dipolar_cycloaddition/extracted/full_dataset_profiles/49/TS_imag_mode.xyz
dipolar_000050,spec16,15,5.166750909338622e-16,identical_lineage,50,/gpfs/tmp_cpu2/yeseo1ee/eda_asm_raw/dipolar_cycloaddition/extracted/full_dataset_profiles/50/TS_imag_mode.xyz
dipolar_000067,locked_778,17,0.011847609571307103,same_structure_precision_diff,67,/gpfs/tmp_cpu2/yeseo1ee/eda_asm_raw/dipolar_cycloaddition/extracted/full_dataset_profiles/67/TS_imag_mode.xyz
dipolar_000078,spec16,16,4.30840638546428e-15,identical_lineage,78,/gpfs/tmp_cpu2/yeseo1ee/eda_asm_raw/dipolar_cycloaddition/extracted/full_dataset_profiles/78/TS_imag_mode.xyz
dipolar_000080,locked_778,16,0.012391513621200227,same_structure_precision_diff,80,/gpfs/tmp_cpu2/yeseo1ee/eda_asm_raw/dipolar_cycloaddition/extracted/full_dataset_profiles/80/TS_imag_mode.xyz
dipolar_000084,locked_778,15,0.012648124021288417,same_structure_precision_diff,84,/gpfs/tmp_cpu2/yeseo1ee/eda_asm_raw/dipolar_cycloaddition/extracted/full_dataset_profiles/84/TS_imag_mode.xyz
dipolar_000097,locked_778,17,0.012034644816457114,same_structure_precision_diff,97,/gpfs/tmp_cpu2/yeseo1ee/eda_asm_raw/dipolar_cycloaddition/extracted/full_dataset_profiles/97/TS_imag_mode.xyz
dipolar_000133,locked_778,18,0.011744900676190037,same_structure_precision_diff,133,/gpfs/tmp_cpu2/yeseo1ee/eda_asm_raw/dipolar_cycloaddition/extracted/full_dataset_profiles/133/TS_imag_mode.xyz
dipolar_000145,spec16,16,1.5910051256735364e-15,identical_lineage,145,/gpfs/tmp_cpu2/yeseo1ee/eda_asm_raw/dipolar_cycloaddition/extracted/full_dataset_profiles/145/TS_imag_mode.xyz
dipolar_000155,locked_778,17,0.011869804923953587,same_structure_precision_diff,155,/gpfs/tmp_cpu2/yeseo1ee/eda_asm_raw/dipolar_cycloaddition/extracted/full_dataset_profiles/155/TS_imag_mode.xyz
dipolar_000160,locked_778,16,0.012358520547402286,same_structure_precision_diff,160,/gpfs/tmp_cpu2/yeseo1ee/eda_asm_raw/dipolar_cycloaddition/extracted/full_dataset_profiles/160/TS_imag_mode.xyz
dipolar_000172,locked_778,18,0.01177082315315222,same_structure_precision_diff,172,/gpfs/tmp_cpu2/yeseo1ee/eda_asm_raw/dipolar_cycloaddition/extracted/full_dataset_profiles/172/TS_imag_mode.xyz
dipolar_000173,spec16,18,8.377199810946835e-16,identical_lineage,173,/gpfs/tmp_cpu2/yeseo1ee/eda_asm_raw/dipolar_cycloaddition/extracted/full_dataset_profiles/173/TS_imag_mode.xyz
dipolar_000205,spec16,17,4.7718233655495975e-15,identical_lineage,205,/gpfs/tmp_cpu2/yeseo1ee/eda_asm_raw/dipolar_cycloaddition/extracted/full_dataset_profiles/205/TS_imag_mode.xyz
dipolar_000206,locked_778,17,0.012058163261517823,same_structure_precision_diff,206,/gpfs/tmp_cpu2/yeseo1ee/eda_asm_raw/dipolar_cycloaddition/extracted/full_dataset_profiles/206/TS_imag_mode.xyz
dipolar_000219,locked_778,19,0.011432019474186752,same_structure_precision_diff,219,/gpfs/tmp_cpu2/yeseo1ee/eda_asm_raw/dipolar_cycloaddition/extracted/full_dataset_profiles/219/TS_imag_mode.xyz
dipolar_000245,locked_778,18,0.011680770055997011,same_structure_precision_diff,245,/gpfs/tmp_cpu2/yeseo1ee/eda_asm_raw/dipolar_cycloaddition/extracted/full_dataset_profiles/245/TS_imag_mode.xyz
dipolar_000262,locked_778,15,0.012825253861294926,same_structure_precision_diff,262,/gpfs/tmp_cpu2/yeseo1ee/eda_asm_raw/dipolar_cycloaddition/extracted/full_dataset_profiles/262/TS_imag_mode.xyz
dipolar_000263,spec16,15,1.6576786141538639e-15,identical_lineage,263,/gpfs/tmp_cpu2/yeseo1ee/eda_asm_raw/dipolar_cycloaddition/extracted/full_dataset_profiles/263/TS_imag_mode.xyz
dipolar_000271,spec16,19,6.615994464340551e-16,identical_lineage,271,/gpfs/tmp_cpu2/yeseo1ee/eda_asm_raw/dipolar_cycloaddition/extracted/full_dataset_profiles/271/TS_imag_mode.xyz
dipolar_000279,spec16,19,1.0481876831668346e-15,identical_lineage,279,/gpfs/tmp_cpu2/yeseo1ee/eda_asm_raw/dipolar_cycloaddition/extracted/full_dataset_profiles/279/TS_imag_mode.xyz
dipolar_000298,spec16,19,9.474162484317562e-16,identical_lineage,298,/gpfs/tmp_cpu2/yeseo1ee/eda_asm_raw/dipolar_cycloaddition/extracted/full_dataset_profiles/298/TS_imag_mode.xyz
dipolar_000309,spec16,19,5.434578412429785e-16,identical_lineage,309,/gpfs/tmp_cpu2/yeseo1ee/eda_asm_raw/dipolar_cycloaddition/extracted/full_dataset_profiles/309/TS_imag_mode.xyz
dipolar_000331,spec16,19,7.793247565676395e-16,identical_lineage,331,/gpfs/tmp_cpu2/yeseo1ee/eda_asm_raw/dipolar_cycloaddition/extracted/full_dataset_profiles/331/TS_imag_mode.xyz
dipolar_000339,spec16,20,1.6118589034490901e-15,identical_lineage,339,/gpfs/tmp_cpu2/yeseo1ee/eda_asm_raw/dipolar_cycloaddition/extracted/full_dataset_profiles/339/TS_imag_mode.xyz
dipolar_000344,spec16,20,1.4280885942658207e-15,identical_lineage,344,/gpfs/tmp_cpu2/yeseo1ee/eda_asm_raw/dipolar_cycloaddition/extracted/full_dataset_profiles/344/TS_imag_mode.xyz
dipolar_000360,locked_778,20,0.011081304073580326,same_structure_precision_diff,360,/gpfs/tmp_cpu2/yeseo1ee/eda_asm_raw/dipolar_cycloaddition/extracted/full_dataset_profiles/360/TS_imag_mode.xyz
dipolar_000372,spec16,20,9.879313448544566e-16,identical_lineage,372,/gpfs/tmp_cpu2/yeseo1ee/eda_asm_raw/dipolar_cycloaddition/extracted/full_dataset_profiles/372/TS_imag_mode.xyz
dipolar_000393,locked_778,17,0.011949067831410443,same_structure_precision_diff,393,/gpfs/tmp_cpu2/yeseo1ee/eda_asm_raw/dipolar_cycloaddition/extracted/full_dataset_profiles/393/TS_imag_mode.xyz
dipolar_000401,locked_778,19,0.011405991754319411,same_structure_precision_diff,401,/gpfs/tmp_cpu2/yeseo1ee/eda_asm_raw/dipolar_cycloaddition/extracted/full_dataset_profiles/401/TS_imag_mode.xyz
dipolar_000404,spec16,20,7.110776263181618e-16,identical_lineage,404,/gpfs/tmp_cpu2/yeseo1ee/eda_asm_raw/dipolar_cycloaddition/extracted/full_dataset_profiles/404/TS_imag_mode.xyz
dipolar_000411,locked_778,20,0.011036022791304135,same_structure_precision_diff,411,/gpfs/tmp_cpu2/yeseo1ee/eda_asm_raw/dipolar_cycloaddition/extracted/full_dataset_profiles/411/TS_imag_mode.xyz
dipolar_000415,spec16,21,5.154857888723434e-16,identical_lineage,415,/gpfs/tmp_cpu2/yeseo1ee/eda_asm_raw/dipolar_cycloaddition/extracted/full_dataset_profiles/415/TS_imag_mode.xyz
dipolar_000418,spec16,20,1.5144455862264564e-15,identical_lineage,418,/gpfs/tmp_cpu2/yeseo1ee/eda_asm_raw/dipolar_cycloaddition/extracted/full_dataset_profiles/418/TS_imag_mode.xyz
dipolar_000425,locked_778,19,0.011251182208268163,same_structure_precision_diff,425,/gpfs/tmp_cpu2/yeseo1ee/eda_asm_raw/dipolar_cycloaddition/extracted/full_dataset_profiles/425/TS_imag_mode.xyz
dipolar_000455,locked_778,20,0.010959726334343962,same_structure_precision_diff,455,/gpfs/tmp_cpu2/yeseo1ee/eda_asm_raw/dipolar_cycloaddition/extracted/full_dataset_profiles/455/TS_imag_mode.xyz
dipolar_000460,spec16,21,7.034911499391493e-16,identical_lineage,460,/gpfs/tmp_cpu2/yeseo1ee/eda_asm_raw/dipolar_cycloaddition/extracted/full_dataset_profiles/460/TS_imag_mode.xyz
dipolar_000484,spec16,21,9.341673639453048e-16,identical_lineage,484,/gpfs/tmp_cpu2/yeseo1ee/eda_asm_raw/dipolar_cycloaddition/extracted/full_dataset_profiles/484/TS_imag_mode.xyz
dipolar_000487,locked_778,21,0.01057430414149901,same_structure_precision_diff,487,/gpfs/tmp_cpu2/yeseo1ee/eda_asm_raw/dipolar_cycloaddition/extracted/full_dataset_profiles/487/TS_imag_mode.xyz
dipolar_000502,locked_778,17,0.011905391091757983,same_structure_precision_diff,502,/gpfs/tmp_cpu2/yeseo1ee/eda_asm_raw/dipolar_cycloaddition/extracted/full_dataset_profiles/502/TS_imag_mode.xyz
dipolar_000514,locked_778,18,0.011771655482087947,same_structure_precision_diff,514,/gpfs/tmp_cpu2/yeseo1ee/eda_asm_raw/dipolar_cycloaddition/extracted/full_dataset_profiles/514/TS_imag_mode.xyz
dipolar_000517,locked_778,21,0.010728142438384096,same_structure_precision_diff,517,/gpfs/tmp_cpu2/yeseo1ee/eda_asm_raw/dipolar_cycloaddition/extracted/full_dataset_profiles/517/TS_imag_mode.xyz
dipolar_000535,spec16,21,1.2691412096988491e-15,identical_lineage,535,/gpfs/tmp_cpu2/yeseo1ee/eda_asm_raw/dipolar_cycloaddition/extracted/full_dataset_profiles/535/TS_imag_mode.xyz
dipolar_000541,locked_778,21,0.010665469851306912,same_structure_precision_diff,541,/gpfs/tmp_cpu2/yeseo1ee/eda_asm_raw/dipolar_cycloaddition/extracted/full_dataset_profiles/541/TS_imag_mode.xyz
dipolar_000551,locked_778,18,0.011648678333941075,same_structure_precision_diff,551,/gpfs/tmp_cpu2/yeseo1ee/eda_asm_raw/dipolar_cycloaddition/extracted/full_dataset_profiles/551/TS_imag_mode.xyz
dipolar_000561,locked_778,21,0.01043744811018246,same_structure_precision_diff,561,/gpfs/tmp_cpu2/yeseo1ee/eda_asm_raw/dipolar_cycloaddition/extracted/full_dataset_profiles/561/TS_imag_mode.xyz
dipolar_000568,spec16,22,3.497342704434745e-16,identical_lineage,568,/gpfs/tmp_cpu2/yeseo1ee/eda_asm_raw/dipolar_cycloaddition/extracted/full_dataset_profiles/568/TS_imag_mode.xyz
dipolar_000583,spec16,21,9.50595376685327e-16,identical_lineage,583,/gpfs/tmp_cpu2/yeseo1ee/eda_asm_raw/dipolar_cycloaddition/extracted/full_dataset_profiles/583/TS_imag_mode.xyz
dipolar_000606,spec16,23,1.3153066060851942e-15,identical_lineage,606,/gpfs/tmp_cpu2/yeseo1ee/eda_asm_raw/dipolar_cycloaddition/extracted/full_dataset_profiles/606/TS_imag_mode.xyz
dipolar_000628,spec16,17,5.808549938013168e-16,identical_lineage,628,/gpfs/tmp_cpu2/yeseo1ee/eda_asm_raw/dipolar_cycloaddition/extracted/full_dataset_profiles/628/TS_imag_mode.xyz
dipolar_000648,spec16,24,5.334676621608513e-16,identical_lineage,648,/gpfs/tmp_cpu2/yeseo1ee/eda_asm_raw/dipolar_cycloaddition/extracted/full_dataset_profiles/648/TS_imag_mode.xyz
dipolar_000658,locked_778,23,0.010267244896393444,same_structure_precision_diff,658,/gpfs/tmp_cpu2/yeseo1ee/eda_asm_raw/dipolar_cycloaddition/extracted/full_dataset_profiles/658/TS_imag_mode.xyz
dipolar_000700,locked_778,22,0.010356484275281554,same_structure_precision_diff,700,/gpfs/tmp_cpu2/yeseo1ee/eda_asm_raw/dipolar_cycloaddition/extracted/full_dataset_profiles/700/TS_imag_mode.xyz
dipolar_000721,spec16,23,6.946853981571213e-16,identical_lineage,721,/gpfs/tmp_cpu2/yeseo1ee/eda_asm_raw/dipolar_cycloaddition/extracted/full_dataset_profiles/721/TS_imag_mode.xyz
dipolar_000732,locked_778,22,0.010547301199975346,same_structure_precision_diff,732,/gpfs/tmp_cpu2/yeseo1ee/eda_asm_raw/dipolar_cycloaddition/extracted/full_dataset_profiles/732/TS_imag_mode.xyz
dipolar_000753,spec16,23,1.0023792012161832e-15,identical_lineage,753,/gpfs/tmp_cpu2/yeseo1ee/eda_asm_raw/dipolar_cycloaddition/extracted/full_dataset_profiles/753/TS_imag_mode.xyz
dipolar_000759,locked_778,22,0.010503158169776677,same_structure_precision_diff,759,/gpfs/tmp_cpu2/yeseo1ee/eda_asm_raw/dipolar_cycloaddition/extracted/full_dataset_profiles/759/TS_imag_mode.xyz
dipolar_000763,spec16,23,4.184201304350134e-16,identical_lineage,763,/gpfs/tmp_cpu2/yeseo1ee/eda_asm_raw/dipolar_cycloaddition/extracted/full_dataset_profiles/763/TS_imag_mode.xyz
dipolar_000783,locked_778,23,0.010410728851787666,same_structure_precision_diff,783,/gpfs/tmp_cpu2/yeseo1ee/eda_asm_raw/dipolar_cycloaddition/extracted/full_dataset_profiles/783/TS_imag_mode.xyz
dipolar_000784,locked_778,23,0.010408502336676725,same_structure_precision_diff,784,/gpfs/tmp_cpu2/yeseo1ee/eda_asm_raw/dipolar_cycloaddition/extracted/full_dataset_profiles/784/TS_imag_mode.xyz
dipolar_000797,spec16,23,6.769709625100156e-16,identical_lineage,797,/gpfs/tmp_cpu2/yeseo1ee/eda_asm_raw/dipolar_cycloaddition/extracted/full_dataset_profiles/797/TS_imag_mode.xyz
dipolar_000853,locked_778,23,0.010212598780591194,same_structure_precision_diff,853,/gpfs/tmp_cpu2/yeseo1ee/eda_asm_raw/dipolar_cycloaddition/extracted/full_dataset_profiles/853/TS_imag_mode.xyz
dipolar_000864,spec16,20,9.85117849914241e-16,identical_lineage,864,/gpfs/tmp_cpu2/yeseo1ee/eda_asm_raw/dipolar_cycloaddition/extracted/full_dataset_profiles/864/TS_imag_mode.xyz
dipolar_000876,locked_778,22,0.010507230915069426,same_structure_precision_diff,876,/gpfs/tmp_cpu2/yeseo1ee/eda_asm_raw/dipolar_cycloaddition/extracted/full_dataset_profiles/876/TS_imag_mode.xyz
dipolar_000900,locked_778,23,0.010318857292428409,same_structure_precision_diff,900,/gpfs/tmp_cpu2/yeseo1ee/eda_asm_raw/dipolar_cycloaddition/extracted/full_dataset_profiles/900/TS_imag_mode.xyz
dipolar_000915,spec16,24,2.6604592306125023e-16,identical_lineage,915,/gpfs/tmp_cpu2/yeseo1ee/eda_asm_raw/dipolar_cycloaddition/extracted/full_dataset_profiles/915/TS_imag_mode.xyz
dipolar_000930,spec16,25,4.27503012154497e-15,identical_lineage,930,/gpfs/tmp_cpu2/yeseo1ee/eda_asm_raw/dipolar_cycloaddition/extracted/full_dataset_profiles/930/TS_imag_mode.xyz
dipolar_000975,locked_778,21,0.010702083558986632,same_structure_precision_diff,975,/gpfs/tmp_cpu2/yeseo1ee/eda_asm_raw/dipolar_cycloaddition/extracted/full_dataset_profiles/975/TS_imag_mode.xyz
dipolar_000983,spec16,22,7.116050142447557e-16,identical_lineage,983,/gpfs/tmp_cpu2/yeseo1ee/eda_asm_raw/dipolar_cycloaddition/extracted/full_dataset_profiles/983/TS_imag_mode.xyz
dipolar_000984,locked_778,24,0.010010316289893044,same_structure_precision_diff,984,/gpfs/tmp_cpu2/yeseo1ee/eda_asm_raw/dipolar_cycloaddition/extracted/full_dataset_profiles/984/TS_imag_mode.xyz
dipolar_000991,locked_778,23,0.010344057506055628,same_structure_precision_diff,991,/gpfs/tmp_cpu2/yeseo1ee/eda_asm_raw/dipolar_cycloaddition/extracted/full_dataset_profiles/991/TS_imag_mode.xyz
dipolar_001058,spec16,25,8.239927015555863e-16,identical_lineage,1058,/gpfs/tmp_cpu2/yeseo1ee/eda_asm_raw/dipolar_cycloaddition/extracted/full_dataset_profiles/1058/TS_imag_mode.xyz
dipolar_001090,spec16,23,1.1916823064897757e-15,identical_lineage,1090,/gpfs/tmp_cpu2/yeseo1ee/eda_asm_raw/dipolar_cycloaddition/extracted/full_dataset_profiles/1090/TS_imag_mode.xyz
dipolar_001108,spec16,21,9.84093841605615e-16,identical_lineage,1108,/gpfs/tmp_cpu2/yeseo1ee/eda_asm_raw/dipolar_cycloaddition/extracted/full_dataset_profiles/1108/TS_imag_mode.xyz
dipolar_001146,spec16,24,1.7880727618989233e-15,identical_lineage,1146,/gpfs/tmp_cpu2/yeseo1ee/eda_asm_raw/dipolar_cycloaddition/extracted/full_dataset_profiles/1146/TS_imag_mode.xyz
dipolar_001155,spec16,24,1.5834039530200303e-15,identical_lineage,1155,/gpfs/tmp_cpu2/yeseo1ee/eda_asm_raw/dipolar_cycloaddition/extracted/full_dataset_profiles/1155/TS_imag_mode.xyz
dipolar_001156,locked_778,24,0.00997968183136248,identical_lineage,1156,/gpfs/tmp_cpu2/yeseo1ee/eda_asm_raw/dipolar_cycloaddition/extracted/full_dataset_profiles/1156/TS_imag_mode.xyz
dipolar_001158,locked_778,24,0.01000476492773165,same_structure_precision_diff,1158,/gpfs/tmp_cpu2/yeseo1ee/eda_asm_raw/dipolar_cycloaddition/extracted/full_dataset_profiles/1158/TS_imag_mode.xyz
dipolar_001172,locked_778,21,0.010700252582829355,same_structure_precision_diff,1172,/gpfs/tmp_cpu2/yeseo1ee/eda_asm_raw/dipolar_cycloaddition/extracted/full_dataset_profiles/1172/TS_imag_mode.xyz
dipolar_001177,locked_778,23,0.009682301581526673,identical_lineage,1177,/gpfs/tmp_cpu2/yeseo1ee/eda_asm_raw/dipolar_cycloaddition/extracted/full_dataset_profiles/1177/TS_imag_mode.xyz
dipolar_001187,spec16,24,7.486465749056866e-16,identical_lineage,1187,/gpfs/tmp_cpu2/yeseo1ee/eda_asm_raw/dipolar_cycloaddition/extracted/full_dataset_profiles/1187/TS_imag_mode.xyz
dipolar_001189,locked_778,24,0.010014351962792772,same_structure_precision_diff,1189,/gpfs/tmp_cpu2/yeseo1ee/eda_asm_raw/dipolar_cycloaddition/extracted/full_dataset_profiles/1189/TS_imag_mode.xyz
dipolar_001197,spec16,24,1.5066883137747629e-15,identical_lineage,1197,/gpfs/tmp_cpu2/yeseo1ee/eda_asm_raw/dipolar_cycloaddition/extracted/full_dataset_profiles/1197/TS_imag_mode.xyz
dipolar_001221,locked_778,25,0.009796093550951731,identical_lineage,1221,/gpfs/tmp_cpu2/yeseo1ee/eda_asm_raw/dipolar_cycloaddition/extracted/full_dataset_profiles/1221/TS_imag_mode.xyz
dipolar_001225,spec16,17,1.1534535376780672e-15,identical_lineage,1225,/gpfs/tmp_cpu2/yeseo1ee/eda_asm_raw/dipolar_cycloaddition/extracted/full_dataset_profiles/1225/TS_imag_mode.xyz
dipolar_001241,spec16,23,9.247229708478172e-16,identical_lineage,1241,/gpfs/tmp_cpu2/yeseo1ee/eda_asm_raw/dipolar_cycloaddition/extracted/full_dataset_profiles/1241/TS_imag_mode.xyz
dipolar_001243,locked_778,24,0.010045627149343893,same_structure_precision_diff,1243,/gpfs/tmp_cpu2/yeseo1ee/eda_asm_raw/dipolar_cycloaddition/extracted/full_dataset_profiles/1243/TS_imag_mode.xyz
dipolar_001250,locked_778,24,0.010047937059622767,same_structure_precision_diff,1250,/gpfs/tmp_cpu2/yeseo1ee/eda_asm_raw/dipolar_cycloaddition/extracted/full_dataset_profiles/1250/TS_imag_mode.xyz
dipolar_001261,spec16,25,1.6564129231356362e-15,identical_lineage,1261,/gpfs/tmp_cpu2/yeseo1ee/eda_asm_raw/dipolar_cycloaddition/extracted/full_dataset_profiles/1261/TS_imag_mode.xyz
dipolar_001277,spec16,25,1.4186174460714084e-15,identical_lineage,1277,/gpfs/tmp_cpu2/yeseo1ee/eda_asm_raw/dipolar_cycloaddition/extracted/full_dataset_profiles/1277/TS_imag_mode.xyz
dipolar_001294,spec16,22,7.112081612689021e-16,identical_lineage,1294,/gpfs/tmp_cpu2/yeseo1ee/eda_asm_raw/dipolar_cycloaddition/extracted/full_dataset_profiles/1294/TS_imag_mode.xyz
dipolar_001295,spec16,22,7.054446048711625e-16,identical_lineage,1295,/gpfs/tmp_cpu2/yeseo1ee/eda_asm_raw/dipolar_cycloaddition/extracted/full_dataset_profiles/1295/TS_imag_mode.xyz
dipolar_001298,locked_778,25,0.00989349788342709,identical_lineage,1298,/gpfs/tmp_cpu2/yeseo1ee/eda_asm_raw/dipolar_cycloaddition/extracted/full_dataset_profiles/1298/TS_imag_mode.xyz
dipolar_001314,spec16,25,1.4959666678352185e-15,identical_lineage,1314,/gpfs/tmp_cpu2/yeseo1ee/eda_asm_raw/dipolar_cycloaddition/extracted/full_dataset_profiles/1314/TS_imag_mode.xyz
dipolar_001323,locked_778,25,0.009922957668976006,identical_lineage,1323,/gpfs/tmp_cpu2/yeseo1ee/eda_asm_raw/dipolar_cycloaddition/extracted/full_dataset_profiles/1323/TS_imag_mode.xyz
dipolar_001326,spec16,25,1.2467261507484688e-15,identical_lineage,1326,/gpfs/tmp_cpu2/yeseo1ee/eda_asm_raw/dipolar_cycloaddition/extracted/full_dataset_profiles/1326/TS_imag_mode.xyz
dipolar_001353,locked_778,22,0.010267222720401068,same_structure_precision_diff,1353,/gpfs/tmp_cpu2/yeseo1ee/eda_asm_raw/dipolar_cycloaddition/extracted/full_dataset_profiles/1353/TS_imag_mode.xyz
dipolar_001374,locked_778,25,0.009939672277030994,identical_lineage,1374,/gpfs/tmp_cpu2/yeseo1ee/eda_asm_raw/dipolar_cycloaddition/extracted/full_dataset_profiles/1374/TS_imag_mode.xyz
dipolar_001382,spec16,25,1.0575382108065112e-15,identical_lineage,1382,/gpfs/tmp_cpu2/yeseo1ee/eda_asm_raw/dipolar_cycloaddition/extracted/full_dataset_profiles/1382/TS_imag_mode.xyz
dipolar_001392,spec16,25,8.989079284038668e-16,identical_lineage,1392,/gpfs/tmp_cpu2/yeseo1ee/eda_asm_raw/dipolar_cycloaddition/extracted/full_dataset_profiles/1392/TS_imag_mode.xyz
dipolar_001399,locked_778,26,0.009479805958532981,identical_lineage,1399,/gpfs/tmp_cpu2/yeseo1ee/eda_asm_raw/dipolar_cycloaddition/extracted/full_dataset_profiles/1399/TS_imag_mode.xyz
dipolar_001402,spec16,22,7.73056312142498e-16,identical_lineage,1402,/gpfs/tmp_cpu2/yeseo1ee/eda_asm_raw/dipolar_cycloaddition/extracted/full_dataset_profiles/1402/TS_imag_mode.xyz
dipolar_001415,locked_778,21,0.010708319373552856,same_structure_precision_diff,1415,/gpfs/tmp_cpu2/yeseo1ee/eda_asm_raw/dipolar_cycloaddition/extracted/full_dataset_profiles/1415/TS_imag_mode.xyz
dipolar_001418,locked_778,26,0.00966552689147538,identical_lineage,1418,/gpfs/tmp_cpu2/yeseo1ee/eda_asm_raw/dipolar_cycloaddition/extracted/full_dataset_profiles/1418/TS_imag_mode.xyz
dipolar_001420,spec16,26,5.66222638506772e-16,identical_lineage,1420,/gpfs/tmp_cpu2/yeseo1ee/eda_asm_raw/dipolar_cycloaddition/extracted/full_dataset_profiles/1420/TS_imag_mode.xyz
dipolar_001434,locked_778,25,0.009808181167121961,identical_lineage,1434,/gpfs/tmp_cpu2/yeseo1ee/eda_asm_raw/dipolar_cycloaddition/extracted/full_dataset_profiles/1434/TS_imag_mode.xyz
dipolar_001450,spec16,25,1.378846043378614e-15,identical_lineage,1450,/gpfs/tmp_cpu2/yeseo1ee/eda_asm_raw/dipolar_cycloaddition/extracted/full_dataset_profiles/1450/TS_imag_mode.xyz
dipolar_001462,locked_778,27,0.009474274892831081,identical_lineage,1462,/gpfs/tmp_cpu2/yeseo1ee/eda_asm_raw/dipolar_cycloaddition/extracted/full_dataset_profiles/1462/TS_imag_mode.xyz
dipolar_001484,spec16,25,1.0892074392614738e-15,identical_lineage,1484,/gpfs/tmp_cpu2/yeseo1ee/eda_asm_raw/dipolar_cycloaddition/extracted/full_dataset_profiles/1484/TS_imag_mode.xyz
dipolar_001504,locked_778,26,0.00965767891924794,identical_lineage,1504,/gpfs/tmp_cpu2/yeseo1ee/eda_asm_raw/dipolar_cycloaddition/extracted/full_dataset_profiles/1504/TS_imag_mode.xyz
dipolar_001512,locked_778,26,0.009546390245266179,identical_lineage,1512,/gpfs/tmp_cpu2/yeseo1ee/eda_asm_raw/dipolar_cycloaddition/extracted/full_dataset_profiles/1512/TS_imag_mode.xyz
dipolar_001513,spec16,26,1.245562306461734e-15,identical_lineage,1513,/gpfs/tmp_cpu2/yeseo1ee/eda_asm_raw/dipolar_cycloaddition/extracted/full_dataset_profiles/1513/TS_imag_mode.xyz
dipolar_001520,locked_778,26,0.00931920120839332,identical_lineage,1520,/gpfs/tmp_cpu2/yeseo1ee/eda_asm_raw/dipolar_cycloaddition/extracted/full_dataset_profiles/1520/TS_imag_mode.xyz
dipolar_001528,locked_778,23,0.009864028767250076,identical_lineage,1528,/gpfs/tmp_cpu2/yeseo1ee/eda_asm_raw/dipolar_cycloaddition/extracted/full_dataset_profiles/1528/TS_imag_mode.xyz
dipolar_001530,spec16,27,1.4547156274492132e-15,identical_lineage,1530,/gpfs/tmp_cpu2/yeseo1ee/eda_asm_raw/dipolar_cycloaddition/extracted/full_dataset_profiles/1530/TS_imag_mode.xyz
dipolar_001534,spec16,25,1.4676658288455567e-15,identical_lineage,1534,/gpfs/tmp_cpu2/yeseo1ee/eda_asm_raw/dipolar_cycloaddition/extracted/full_dataset_profiles/1534/TS_imag_mode.xyz
dipolar_001545,locked_778,28,0.009277007697432487,identical_lineage,1545,/gpfs/tmp_cpu2/yeseo1ee/eda_asm_raw/dipolar_cycloaddition/extracted/full_dataset_profiles/1545/TS_imag_mode.xyz
dipolar_001556,spec16,26,6.925241261552931e-16,identical_lineage,1556,/gpfs/tmp_cpu2/yeseo1ee/eda_asm_raw/dipolar_cycloaddition/extracted/full_dataset_profiles/1556/TS_imag_mode.xyz
dipolar_001558,spec16,19,1.017914998224272e-15,identical_lineage,1558,/gpfs/tmp_cpu2/yeseo1ee/eda_asm_raw/dipolar_cycloaddition/extracted/full_dataset_profiles/1558/TS_imag_mode.xyz
dipolar_001576,spec16,22,1.720429126065732e-15,identical_lineage,1576,/gpfs/tmp_cpu2/yeseo1ee/eda_asm_raw/dipolar_cycloaddition/extracted/full_dataset_profiles/1576/TS_imag_mode.xyz
dipolar_001628,spec16,27,3.1417249317367457e-16,identical_lineage,1628,/gpfs/tmp_cpu2/yeseo1ee/eda_asm_raw/dipolar_cycloaddition/extracted/full_dataset_profiles/1628/TS_imag_mode.xyz
dipolar_001652,spec16,27,3.5961951527357756e-16,identical_lineage,1652,/gpfs/tmp_cpu2/yeseo1ee/eda_asm_raw/dipolar_cycloaddition/extracted/full_dataset_profiles/1652/TS_imag_mode.xyz
dipolar_001681,locked_778,27,0.009298972170349626,identical_lineage,1681,/gpfs/tmp_cpu2/yeseo1ee/eda_asm_raw/dipolar_cycloaddition/extracted/full_dataset_profiles/1681/TS_imag_mode.xyz
dipolar_001699,locked_778,27,0.009455416271482105,identical_lineage,1699,/gpfs/tmp_cpu2/yeseo1ee/eda_asm_raw/dipolar_cycloaddition/extracted/full_dataset_profiles/1699/TS_imag_mode.xyz
dipolar_001701,spec16,27,1.2627576441499985e-15,identical_lineage,1701,/gpfs/tmp_cpu2/yeseo1ee/eda_asm_raw/dipolar_cycloaddition/extracted/full_dataset_profiles/1701/TS_imag_mode.xyz
dipolar_001703,spec16,27,1.133596528762788e-15,identical_lineage,1703,/gpfs/tmp_cpu2/yeseo1ee/eda_asm_raw/dipolar_cycloaddition/extracted/full_dataset_profiles/1703/TS_imag_mode.xyz
dipolar_001731,spec16,27,8.812901141218449e-16,identical_lineage,1731,/gpfs/tmp_cpu2/yeseo1ee/eda_asm_raw/dipolar_cycloaddition/extracted/full_dataset_profiles/1731/TS_imag_mode.xyz
dipolar_001736,locked_778,23,0.010250364492214632,same_structure_precision_diff,1736,/gpfs/tmp_cpu2/yeseo1ee/eda_asm_raw/dipolar_cycloaddition/extracted/full_dataset_profiles/1736/TS_imag_mode.xyz
dipolar_001769,locked_778,28,0.009147033500361527,identical_lineage,1769,/gpfs/tmp_cpu2/yeseo1ee/eda_asm_raw/dipolar_cycloaddition/extracted/full_dataset_profiles/1769/TS_imag_mode.xyz
dipolar_001779,spec16,27,1.3163349770265895e-15,identical_lineage,1779,/gpfs/tmp_cpu2/yeseo1ee/eda_asm_raw/dipolar_cycloaddition/extracted/full_dataset_profiles/1779/TS_imag_mode.xyz
dipolar_001780,spec16,25,1.804001389297136e-15,identical_lineage,1780,/gpfs/tmp_cpu2/yeseo1ee/eda_asm_raw/dipolar_cycloaddition/extracted/full_dataset_profiles/1780/TS_imag_mode.xyz
dipolar_001785,locked_778,27,0.009386831868119038,identical_lineage,1785,/gpfs/tmp_cpu2/yeseo1ee/eda_asm_raw/dipolar_cycloaddition/extracted/full_dataset_profiles/1785/TS_imag_mode.xyz
dipolar_001824,locked_778,27,0.009451998894254729,identical_lineage,1824,/gpfs/tmp_cpu2/yeseo1ee/eda_asm_raw/dipolar_cycloaddition/extracted/full_dataset_profiles/1824/TS_imag_mode.xyz
dipolar_001833,locked_778,28,0.009296034300854558,identical_lineage,1833,/gpfs/tmp_cpu2/yeseo1ee/eda_asm_raw/dipolar_cycloaddition/extracted/full_dataset_profiles/1833/TS_imag_mode.xyz
dipolar_001839,spec16,28,4.3668048838184945e-16,identical_lineage,1839,/gpfs/tmp_cpu2/yeseo1ee/eda_asm_raw/dipolar_cycloaddition/extracted/full_dataset_profiles/1839/TS_imag_mode.xyz
dipolar_001901,spec16,28,2.549759599388207e-15,identical_lineage,1901,/gpfs/tmp_cpu2/yeseo1ee/eda_asm_raw/dipolar_cycloaddition/extracted/full_dataset_profiles/1901/TS_imag_mode.xyz
dipolar_001906,locked_778,29,0.00915693521018037,identical_lineage,1906,/gpfs/tmp_cpu2/yeseo1ee/eda_asm_raw/dipolar_cycloaddition/extracted/full_dataset_profiles/1906/TS_imag_mode.xyz
dipolar_001911,locked_778,30,0.008909300168439455,identical_lineage,1911,/gpfs/tmp_cpu2/yeseo1ee/eda_asm_raw/dipolar_cycloaddition/extracted/full_dataset_profiles/1911/TS_imag_mode.xyz
dipolar_001914,spec16,29,1.919542310457752e-15,identical_lineage,1914,/gpfs/tmp_cpu2/yeseo1ee/eda_asm_raw/dipolar_cycloaddition/extracted/full_dataset_profiles/1914/TS_imag_mode.xyz
dipolar_001926,locked_778,27,0.009458488677080327,identical_lineage,1926,/gpfs/tmp_cpu2/yeseo1ee/eda_asm_raw/dipolar_cycloaddition/extracted/full_dataset_profiles/1926/TS_imag_mode.xyz
dipolar_001928,spec16,29,1.1222380899824972e-15,identical_lineage,1928,/gpfs/tmp_cpu2/yeseo1ee/eda_asm_raw/dipolar_cycloaddition/extracted/full_dataset_profiles/1928/TS_imag_mode.xyz
dipolar_001930,locked_778,28,0.00910707798464125,identical_lineage,1930,/gpfs/tmp_cpu2/yeseo1ee/eda_asm_raw/dipolar_cycloaddition/extracted/full_dataset_profiles/1930/TS_imag_mode.xyz
dipolar_001938,spec16,28,8.328182686513157e-16,identical_lineage,1938,/gpfs/tmp_cpu2/yeseo1ee/eda_asm_raw/dipolar_cycloaddition/extracted/full_dataset_profiles/1938/TS_imag_mode.xyz
dipolar_001958,locked_778,29,0.009224476024022574,identical_lineage,1958,/gpfs/tmp_cpu2/yeseo1ee/eda_asm_raw/dipolar_cycloaddition/extracted/full_dataset_profiles/1958/TS_imag_mode.xyz
dipolar_001992,spec16,25,1.2403692697733329e-15,identical_lineage,1992,/gpfs/tmp_cpu2/yeseo1ee/eda_asm_raw/dipolar_cycloaddition/extracted/full_dataset_profiles/1992/TS_imag_mode.xyz
dipolar_002016,spec16,28,9.084624211697576e-16,identical_lineage,2016,/gpfs/tmp_cpu2/yeseo1ee/eda_asm_raw/dipolar_cycloaddition/extracted/full_dataset_profiles/2016/TS_imag_mode.xyz
dipolar_002052,spec16,29,1.0517617083914726e-15,identical_lineage,2052,/gpfs/tmp_cpu2/yeseo1ee/eda_asm_raw/dipolar_cycloaddition/extracted/full_dataset_profiles/2052/TS_imag_mode.xyz
dipolar_002058,locked_778,28,0.009161344200113407,identical_lineage,2058,/gpfs/tmp_cpu2/yeseo1ee/eda_asm_raw/dipolar_cycloaddition/extracted/full_dataset_profiles/2058/TS_imag_mode.xyz
dipolar_002123,spec16,29,1.0375205239656602e-15,identical_lineage,2123,/gpfs/tmp_cpu2/yeseo1ee/eda_asm_raw/dipolar_cycloaddition/extracted/full_dataset_profiles/2123/TS_imag_mode.xyz
dipolar_002132,spec16,29,1.4567466538453412e-15,identical_lineage,2132,/gpfs/tmp_cpu2/yeseo1ee/eda_asm_raw/dipolar_cycloaddition/extracted/full_dataset_profiles/2132/TS_imag_mode.xyz
dipolar_002138,locked_778,30,0.009076948525449628,identical_lineage,2138,/gpfs/tmp_cpu2/yeseo1ee/eda_asm_raw/dipolar_cycloaddition/extracted/full_dataset_profiles/2138/TS_imag_mode.xyz
dipolar_002154,locked_778,28,0.009346085803080533,identical_lineage,2154,/gpfs/tmp_cpu2/yeseo1ee/eda_asm_raw/dipolar_cycloaddition/extracted/full_dataset_profiles/2154/TS_imag_mode.xyz
dipolar_002185,spec16,31,1.9659744696287753e-15,identical_lineage,2185,/gpfs/tmp_cpu2/yeseo1ee/eda_asm_raw/dipolar_cycloaddition/extracted/full_dataset_profiles/2185/TS_imag_mode.xyz
dipolar_002192,spec16,28,1.069865000079388e-15,identical_lineage,2192,/gpfs/tmp_cpu2/yeseo1ee/eda_asm_raw/dipolar_cycloaddition/extracted/full_dataset_profiles/2192/TS_imag_mode.xyz
dipolar_002209,locked_778,26,0.009648322084675429,identical_lineage,2209,/gpfs/tmp_cpu2/yeseo1ee/eda_asm_raw/dipolar_cycloaddition/extracted/full_dataset_profiles/2209/TS_imag_mode.xyz
dipolar_002247,locked_778,23,0.010374136771709359,same_structure_precision_diff,2247,/gpfs/tmp_cpu2/yeseo1ee/eda_asm_raw/dipolar_cycloaddition/extracted/full_dataset_profiles/2247/TS_imag_mode.xyz
dipolar_002260,spec16,27,6.988267090671751e-16,identical_lineage,2260,/gpfs/tmp_cpu2/yeseo1ee/eda_asm_raw/dipolar_cycloaddition/extracted/full_dataset_profiles/2260/TS_imag_mode.xyz
dipolar_002277,locked_778,30,0.00865946247702563,identical_lineage,2277,/gpfs/tmp_cpu2/yeseo1ee/eda_asm_raw/dipolar_cycloaddition/extracted/full_dataset_profiles/2277/TS_imag_mode.xyz
dipolar_002299,locked_778,32,0.008701556979269233,identical_lineage,2299,/gpfs/tmp_cpu2/yeseo1ee/eda_asm_raw/dipolar_cycloaddition/extracted/full_dataset_profiles/2299/TS_imag_mode.xyz
dipolar_002319,spec16,32,7.925151268187349e-16,identical_lineage,2319,/gpfs/tmp_cpu2/yeseo1ee/eda_asm_raw/dipolar_cycloaddition/extracted/full_dataset_profiles/2319/TS_imag_mode.xyz
dipolar_002320,locked_778,32,0.008796878189020156,identical_lineage,2320,/gpfs/tmp_cpu2/yeseo1ee/eda_asm_raw/dipolar_cycloaddition/extracted/full_dataset_profiles/2320/TS_imag_mode.xyz
dipolar_002345,locked_778,32,0.008753468266167842,identical_lineage,2345,/gpfs/tmp_cpu2/yeseo1ee/eda_asm_raw/dipolar_cycloaddition/extracted/full_dataset_profiles/2345/TS_imag_mode.xyz
dipolar_002349,spec16,23,7.161449786731014e-16,identical_lineage,2349,/gpfs/tmp_cpu2/yeseo1ee/eda_asm_raw/dipolar_cycloaddition/extracted/full_dataset_profiles/2349/TS_imag_mode.xyz
dipolar_002374,locked_778,27,0.00954510879645587,identical_lineage,2374,/gpfs/tmp_cpu2/yeseo1ee/eda_asm_raw/dipolar_cycloaddition/extracted/full_dataset_profiles/2374/TS_imag_mode.xyz
dipolar_002390,spec16,27,6.283102415638138e-16,identical_lineage,2390,/gpfs/tmp_cpu2/yeseo1ee/eda_asm_raw/dipolar_cycloaddition/extracted/full_dataset_profiles/2390/TS_imag_mode.xyz
dipolar_002408,spec16,31,1.0905870757619516e-15,identical_lineage,2408,/gpfs/tmp_cpu2/yeseo1ee/eda_asm_raw/dipolar_cycloaddition/extracted/full_dataset_profiles/2408/TS_imag_mode.xyz
dipolar_002415,spec16,32,7.791033057025935e-16,identical_lineage,2415,/gpfs/tmp_cpu2/yeseo1ee/eda_asm_raw/dipolar_cycloaddition/extracted/full_dataset_profiles/2415/TS_imag_mode.xyz
dipolar_002456,locked_778,32,0.008671426360993727,identical_lineage,2456,/gpfs/tmp_cpu2/yeseo1ee/eda_asm_raw/dipolar_cycloaddition/extracted/full_dataset_profiles/2456/TS_imag_mode.xyz
dipolar_002457,spec16,32,5.97353798433428e-16,identical_lineage,2457,/gpfs/tmp_cpu2/yeseo1ee/eda_asm_raw/dipolar_cycloaddition/extracted/full_dataset_profiles/2457/TS_imag_mode.xyz
dipolar_002460,spec16,31,9.044472153501766e-16,identical_lineage,2460,/gpfs/tmp_cpu2/yeseo1ee/eda_asm_raw/dipolar_cycloaddition/extracted/full_dataset_profiles/2460/TS_imag_mode.xyz
dipolar_002468,locked_778,33,0.008477125656868381,identical_lineage,2468,/gpfs/tmp_cpu2/yeseo1ee/eda_asm_raw/dipolar_cycloaddition/extracted/full_dataset_profiles/2468/TS_imag_mode.xyz
dipolar_002495,locked_778,32,0.008739139574558788,identical_lineage,2495,/gpfs/tmp_cpu2/yeseo1ee/eda_asm_raw/dipolar_cycloaddition/extracted/full_dataset_profiles/2495/TS_imag_mode.xyz
dipolar_002497,spec16,32,7.84700443438437e-16,identical_lineage,2497,/gpfs/tmp_cpu2/yeseo1ee/eda_asm_raw/dipolar_cycloaddition/extracted/full_dataset_profiles/2497/TS_imag_mode.xyz
dipolar_002501,spec16,28,1.1650273862983047e-15,identical_lineage,2501,/gpfs/tmp_cpu2/yeseo1ee/eda_asm_raw/dipolar_cycloaddition/extracted/full_dataset_profiles/2501/TS_imag_mode.xyz
dipolar_002549,locked_778,31,0.008818946343806758,identical_lineage,2549,/gpfs/tmp_cpu2/yeseo1ee/eda_asm_raw/dipolar_cycloaddition/extracted/full_dataset_profiles/2549/TS_imag_mode.xyz
dipolar_002585,spec16,28,6.185033816443142e-16,identical_lineage,2585,/gpfs/tmp_cpu2/yeseo1ee/eda_asm_raw/dipolar_cycloaddition/extracted/full_dataset_profiles/2585/TS_imag_mode.xyz
dipolar_002631,spec16,29,1.2257550053731215e-15,identical_lineage,2631,/gpfs/tmp_cpu2/yeseo1ee/eda_asm_raw/dipolar_cycloaddition/extracted/full_dataset_profiles/2631/TS_imag_mode.xyz
dipolar_002635,spec16,34,1.153141653095066e-15,identical_lineage,2635,/gpfs/tmp_cpu2/yeseo1ee/eda_asm_raw/dipolar_cycloaddition/extracted/full_dataset_profiles/2635/TS_imag_mode.xyz
dipolar_002646,spec16,33,1.1619557171769779e-15,identical_lineage,2646,/gpfs/tmp_cpu2/yeseo1ee/eda_asm_raw/dipolar_cycloaddition/extracted/full_dataset_profiles/2646/TS_imag_mode.xyz
dipolar_002647,locked_778,33,0.008606482669692593,identical_lineage,2647,/gpfs/tmp_cpu2/yeseo1ee/eda_asm_raw/dipolar_cycloaddition/extracted/full_dataset_profiles/2647/TS_imag_mode.xyz
dipolar_002653,spec16,34,3.4342473861731695e-16,identical_lineage,2653,/gpfs/tmp_cpu2/yeseo1ee/eda_asm_raw/dipolar_cycloaddition/extracted/full_dataset_profiles/2653/TS_imag_mode.xyz
dipolar_002689,spec16,34,6.383804574720762e-16,identical_lineage,2689,/gpfs/tmp_cpu2/yeseo1ee/eda_asm_raw/dipolar_cycloaddition/extracted/full_dataset_profiles/2689/TS_imag_mode.xyz
dipolar_002696,spec16,33,1.3812397637030012e-15,identical_lineage,2696,/gpfs/tmp_cpu2/yeseo1ee/eda_asm_raw/dipolar_cycloaddition/extracted/full_dataset_profiles/2696/TS_imag_mode.xyz
dipolar_002731,locked_778,36,0.00815756169585953,identical_lineage,2731,/gpfs/tmp_cpu2/yeseo1ee/eda_asm_raw/dipolar_cycloaddition/extracted/full_dataset_profiles/2731/TS_imag_mode.xyz
dipolar_002757,locked_778,30,0.008962902930765883,identical_lineage,2757,/gpfs/tmp_cpu2/yeseo1ee/eda_asm_raw/dipolar_cycloaddition/extracted/full_dataset_profiles/2757/TS_imag_mode.xyz
dipolar_002762,locked_778,35,0.008282598535788662,identical_lineage,2762,/gpfs/tmp_cpu2/yeseo1ee/eda_asm_raw/dipolar_cycloaddition/extracted/full_dataset_profiles/2762/TS_imag_mode.xyz
dipolar_002765,spec16,27,1.4400838045461713e-15,identical_lineage,2765,/gpfs/tmp_cpu2/yeseo1ee/eda_asm_raw/dipolar_cycloaddition/extracted/full_dataset_profiles/2765/TS_imag_mode.xyz
dipolar_002766,spec16,27,5.698974639023839e-16,identical_lineage,2766,/gpfs/tmp_cpu2/yeseo1ee/eda_asm_raw/dipolar_cycloaddition/extracted/full_dataset_profiles/2766/TS_imag_mode.xyz
dipolar_002782,locked_778,34,0.008499223834788145,identical_lineage,2782,/gpfs/tmp_cpu2/yeseo1ee/eda_asm_raw/dipolar_cycloaddition/extracted/full_dataset_profiles/2782/TS_imag_mode.xyz
dipolar_002784,locked_778,27,0.009502286834179068,identical_lineage,2784,/gpfs/tmp_cpu2/yeseo1ee/eda_asm_raw/dipolar_cycloaddition/extracted/full_dataset_profiles/2784/TS_imag_mode.xyz
dipolar_002805,locked_778,36,0.008227310753863949,identical_lineage,2805,/gpfs/tmp_cpu2/yeseo1ee/eda_asm_raw/dipolar_cycloaddition/extracted/full_dataset_profiles/2805/TS_imag_mode.xyz
dipolar_002808,locked_778,35,0.008333577973091179,identical_lineage,2808,/gpfs/tmp_cpu2/yeseo1ee/eda_asm_raw/dipolar_cycloaddition/extracted/full_dataset_profiles/2808/TS_imag_mode.xyz
dipolar_002810,spec16,27,1.5199793060307466e-15,identical_lineage,2810,/gpfs/tmp_cpu2/yeseo1ee/eda_asm_raw/dipolar_cycloaddition/extracted/full_dataset_profiles/2810/TS_imag_mode.xyz
dipolar_002814,locked_778,35,0.008341225139747539,identical_lineage,2814,/gpfs/tmp_cpu2/yeseo1ee/eda_asm_raw/dipolar_cycloaddition/extracted/full_dataset_profiles/2814/TS_imag_mode.xyz
dipolar_002817,locked_778,35,0.008307177246501133,identical_lineage,2817,/gpfs/tmp_cpu2/yeseo1ee/eda_asm_raw/dipolar_cycloaddition/extracted/full_dataset_profiles/2817/TS_imag_mode.xyz
dipolar_002819,locked_778,28,0.0091917978765718,identical_lineage,2819,/gpfs/tmp_cpu2/yeseo1ee/eda_asm_raw/dipolar_cycloaddition/extracted/full_dataset_profiles/2819/TS_imag_mode.xyz
dipolar_002856,locked_778,36,0.008172637869583952,identical_lineage,2856,/gpfs/tmp_cpu2/yeseo1ee/eda_asm_raw/dipolar_cycloaddition/extracted/full_dataset_profiles/2856/TS_imag_mode.xyz
dipolar_002861,spec16,28,1.128772106314776e-15,identical_lineage,2861,/gpfs/tmp_cpu2/yeseo1ee/eda_asm_raw/dipolar_cycloaddition/extracted/full_dataset_profiles/2861/TS_imag_mode.xyz
dipolar_002862,spec16,38,1.5056845432344376e-15,identical_lineage,2862,/gpfs/tmp_cpu2/yeseo1ee/eda_asm_raw/dipolar_cycloaddition/extracted/full_dataset_profiles/2862/TS_imag_mode.xyz
dipolar_002864,locked_778,33,0.008587006981385563,identical_lineage,2864,/gpfs/tmp_cpu2/yeseo1ee/eda_asm_raw/dipolar_cycloaddition/extracted/full_dataset_profiles/2864/TS_imag_mode.xyz
dipolar_002882,locked_778,37,0.00817810269362439,identical_lineage,2882,/gpfs/tmp_cpu2/yeseo1ee/eda_asm_raw/dipolar_cycloaddition/extracted/full_dataset_profiles/2882/TS_imag_mode.xyz
dipolar_002893,spec16,36,7.661436264444309e-16,identical_lineage,2893,/gpfs/tmp_cpu2/yeseo1ee/eda_asm_raw/dipolar_cycloaddition/extracted/full_dataset_profiles/2893/TS_imag_mode.xyz
dipolar_002912,spec16,37,1.4437478840607787e-15,identical_lineage,2912,/gpfs/tmp_cpu2/yeseo1ee/eda_asm_raw/dipolar_cycloaddition/extracted/full_dataset_profiles/2912/TS_imag_mode.xyz
dipolar_002918,spec16,38,1.5532803204355954e-15,identical_lineage,2918,/gpfs/tmp_cpu2/yeseo1ee/eda_asm_raw/dipolar_cycloaddition/extracted/full_dataset_profiles/2918/TS_imag_mode.xyz
dipolar_002952,locked_778,38,0.007940551125334318,identical_lineage,2952,/gpfs/tmp_cpu2/yeseo1ee/eda_asm_raw/dipolar_cycloaddition/extracted/full_dataset_profiles/2952/TS_imag_mode.xyz
dipolar_002959,spec16,36,9.852530271339074e-16,identical_lineage,2959,/gpfs/tmp_cpu2/yeseo1ee/eda_asm_raw/dipolar_cycloaddition/extracted/full_dataset_profiles/2959/TS_imag_mode.xyz
dipolar_002978,locked_778,39,0.00788773603021558,identical_lineage,2978,/gpfs/tmp_cpu2/yeseo1ee/eda_asm_raw/dipolar_cycloaddition/extracted/full_dataset_profiles/2978/TS_imag_mode.xyz
dipolar_003007,spec16,40,1.0046631204730502e-15,identical_lineage,3007,/gpfs/tmp_cpu2/yeseo1ee/eda_asm_raw/dipolar_cycloaddition/extracted/full_dataset_profiles/3007/TS_imag_mode.xyz
dipolar_003079,spec16,39,1.3124540726607314e-14,identical_lineage,3079,/gpfs/tmp_cpu2/yeseo1ee/eda_asm_raw/dipolar_cycloaddition/extracted/full_dataset_profiles/3079/TS_imag_mode.xyz
dipolar_003087,spec16,39,1.0753031178661553e-15,identical_lineage,3087,/gpfs/tmp_cpu2/yeseo1ee/eda_asm_raw/dipolar_cycloaddition/extracted/full_dataset_profiles/3087/TS_imag_mode.xyz
dipolar_003092,spec16,38,9.760300398801738e-16,identical_lineage,3092,/gpfs/tmp_cpu2/yeseo1ee/eda_asm_raw/dipolar_cycloaddition/extracted/full_dataset_profiles/3092/TS_imag_mode.xyz
dipolar_003100,spec16,39,1.784002082612215e-15,identical_lineage,3100,/gpfs/tmp_cpu2/yeseo1ee/eda_asm_raw/dipolar_cycloaddition/extracted/full_dataset_profiles/3100/TS_imag_mode.xyz
dipolar_003109,spec16,39,1.1466798407018452e-15,identical_lineage,3109,/gpfs/tmp_cpu2/yeseo1ee/eda_asm_raw/dipolar_cycloaddition/extracted/full_dataset_profiles/3109/TS_imag_mode.xyz
dipolar_003110,spec16,37,1.354594108931115e-15,identical_lineage,3110,/gpfs/tmp_cpu2/yeseo1ee/eda_asm_raw/dipolar_cycloaddition/extracted/full_dataset_profiles/3110/TS_imag_mode.xyz
dipolar_003124,spec16,40,6.066982313573957e-15,identical_lineage,3124,/gpfs/tmp_cpu2/yeseo1ee/eda_asm_raw/dipolar_cycloaddition/extracted/full_dataset_profiles/3124/TS_imag_mode.xyz
dipolar_003141,locked_778,41,0.00773427809507087,identical_lineage,3141,/gpfs/tmp_cpu2/yeseo1ee/eda_asm_raw/dipolar_cycloaddition/extracted/full_dataset_profiles/3141/TS_imag_mode.xyz
dipolar_003151,locked_778,39,0.007902837749946082,identical_lineage,3151,/gpfs/tmp_cpu2/yeseo1ee/eda_asm_raw/dipolar_cycloaddition/extracted/full_dataset_profiles/3151/TS_imag_mode.xyz
dipolar_003154,spec16,42,1.1283902058756038e-15,identical_lineage,3154,/gpfs/tmp_cpu2/yeseo1ee/eda_asm_raw/dipolar_cycloaddition/extracted/full_dataset_profiles/3154/TS_imag_mode.xyz
dipolar_003162,spec16,40,9.619406913463328e-16,identical_lineage,3162,/gpfs/tmp_cpu2/yeseo1ee/eda_asm_raw/dipolar_cycloaddition/extracted/full_dataset_profiles/3162/TS_imag_mode.xyz
dipolar_003171,spec16,31,7.83827940559835e-15,identical_lineage,3171,/gpfs/tmp_cpu2/yeseo1ee/eda_asm_raw/dipolar_cycloaddition/extracted/full_dataset_profiles/3171/TS_imag_mode.xyz
dipolar_003179,spec16,39,1.1001274030915509e-15,identical_lineage,3179,/gpfs/tmp_cpu2/yeseo1ee/eda_asm_raw/dipolar_cycloaddition/extracted/full_dataset_profiles/3179/TS_imag_mode.xyz
dipolar_003211,locked_778,50,0.006997402102431322,identical_lineage,3211,/gpfs/tmp_cpu2/yeseo1ee/eda_asm_raw/dipolar_cycloaddition/extracted/full_dataset_profiles/3211/TS_imag_mode.xyz
dipolar_003237,spec16,10,4.443710130037999e-16,identical_lineage,3237,/gpfs/tmp_cpu2/yeseo1ee/eda_asm_raw/dipolar_cycloaddition/extracted/full_dataset_profiles/3237/TS_imag_mode.xyz
dipolar_003258,spec16,11,6.308472514047596e-16,identical_lineage,3258,/gpfs/tmp_cpu2/yeseo1ee/eda_asm_raw/dipolar_cycloaddition/extracted/full_dataset_profiles/3258/TS_imag_mode.xyz
dipolar_003264,spec16,11,7.689346480208064e-16,identical_lineage,3264,/gpfs/tmp_cpu2/yeseo1ee/eda_asm_raw/dipolar_cycloaddition/extracted/full_dataset_profiles/3264/TS_imag_mode.xyz
dipolar_003289,spec16,12,1.3549204637692128e-15,identical_lineage,3289,/gpfs/tmp_cpu2/yeseo1ee/eda_asm_raw/dipolar_cycloaddition/extracted/full_dataset_profiles/3289/TS_imag_mode.xyz
dipolar_003313,spec16,12,5.004870138553188e-16,identical_lineage,3313,/gpfs/tmp_cpu2/yeseo1ee/eda_asm_raw/dipolar_cycloaddition/extracted/full_dataset_profiles/3313/TS_imag_mode.xyz
dipolar_003315,locked_778,13,0.013470530711244447,same_structure_precision_diff,3315,/gpfs/tmp_cpu2/yeseo1ee/eda_asm_raw/dipolar_cycloaddition/extracted/full_dataset_profiles/3315/TS_imag_mode.xyz
dipolar_003318,spec16,13,6.2728924209218e-16,identical_lineage,3318,/gpfs/tmp_cpu2/yeseo1ee/eda_asm_raw/dipolar_cycloaddition/extracted/full_dataset_profiles/3318/TS_imag_mode.xyz
dipolar_003347,spec16,13,8.474961384275978e-16,identical_lineage,3347,/gpfs/tmp_cpu2/yeseo1ee/eda_asm_raw/dipolar_cycloaddition/extracted/full_dataset_profiles/3347/TS_imag_mode.xyz
dipolar_003369,locked_778,13,0.013441204787114363,same_structure_precision_diff,3369,/gpfs/tmp_cpu2/yeseo1ee/eda_asm_raw/dipolar_cycloaddition/extracted/full_dataset_profiles/3369/TS_imag_mode.xyz
dipolar_003370,locked_778,14,0.01332072881494898,same_structure_precision_diff,3370,/gpfs/tmp_cpu2/yeseo1ee/eda_asm_raw/dipolar_cycloaddition/extracted/full_dataset_profiles/3370/TS_imag_mode.xyz
dipolar_003390,locked_778,14,0.013014003864934488,same_structure_precision_diff,3390,/gpfs/tmp_cpu2/yeseo1ee/eda_asm_raw/dipolar_cycloaddition/extracted/full_dataset_profiles/3390/TS_imag_mode.xyz
dipolar_003402,locked_778,14,0.013188402643422895,same_structure_precision_diff,3402,/gpfs/tmp_cpu2/yeseo1ee/eda_asm_raw/dipolar_cycloaddition/extracted/full_dataset_profiles/3402/TS_imag_mode.xyz
dipolar_003416,locked_778,14,0.013046442803337664,same_structure_precision_diff,3416,/gpfs/tmp_cpu2/yeseo1ee/eda_asm_raw/dipolar_cycloaddition/extracted/full_dataset_profiles/3416/TS_imag_mode.xyz
dipolar_003435,spec16,14,1.3429276065993533e-15,identical_lineage,3435,/gpfs/tmp_cpu2/yeseo1ee/eda_asm_raw/dipolar_cycloaddition/extracted/full_dataset_profiles/3435/TS_imag_mode.xyz
dipolar_003470,spec16,15,7.648033625774977e-16,identical_lineage,3470,/gpfs/tmp_cpu2/yeseo1ee/eda_asm_raw/dipolar_cycloaddition/extracted/full_dataset_profiles/3470/TS_imag_mode.xyz
dipolar_003476,spec16,16,4.718958039861916e-16,identical_lineage,3476,/gpfs/tmp_cpu2/yeseo1ee/eda_asm_raw/dipolar_cycloaddition/extracted/full_dataset_profiles/3476/TS_imag_mode.xyz
dipolar_003505,spec16,15,5.663741976894101e-16,identical_lineage,3505,/gpfs/tmp_cpu2/yeseo1ee/eda_asm_raw/dipolar_cycloaddition/extracted/full_dataset_profiles/3505/TS_imag_mode.xyz
dipolar_003510,spec16,15,8.1910500233055635e-16,identical_lineage,3510,/gpfs/tmp_cpu2/yeseo1ee/eda_asm_raw/dipolar_cycloaddition/extracted/full_dataset_profiles/3510/TS_imag_mode.xyz
dipolar_003512,locked_778,15,0.012576545404865146,same_structure_precision_diff,3512,/gpfs/tmp_cpu2/yeseo1ee/eda_asm_raw/dipolar_cycloaddition/extracted/full_dataset_profiles/3512/TS_imag_mode.xyz
dipolar_003520,locked_778,15,0.012637466641681938,same_structure_precision_diff,3520,/gpfs/tmp_cpu2/yeseo1ee/eda_asm_raw/dipolar_cycloaddition/extracted/full_dataset_profiles/3520/TS_imag_mode.xyz
dipolar_003532,locked_778,15,0.012574024635493005,same_structure_precision_diff,3532,/gpfs/tmp_cpu2/yeseo1ee/eda_asm_raw/dipolar_cycloaddition/extracted/full_dataset_profiles/3532/TS_imag_mode.xyz
dipolar_003549,locked_778,15,0.012553901821065793,same_structure_precision_diff,3549,/gpfs/tmp_cpu2/yeseo1ee/eda_asm_raw/dipolar_cycloaddition/extracted/full_dataset_profiles/3549/TS_imag_mode.xyz
dipolar_003561,spec16,16,8.397799751432123e-16,identical_lineage,3561,/gpfs/tmp_cpu2/yeseo1ee/eda_asm_raw/dipolar_cycloaddition/extracted/full_dataset_profiles/3561/TS_imag_mode.xyz
dipolar_003569,locked_778,16,0.012164090226570376,same_structure_precision_diff,3569,/gpfs/tmp_cpu2/yeseo1ee/eda_asm_raw/dipolar_cycloaddition/extracted/full_dataset_profiles/3569/TS_imag_mode.xyz
dipolar_003575,locked_778,16,0.012362402750915104,same_structure_precision_diff,3575,/gpfs/tmp_cpu2/yeseo1ee/eda_asm_raw/dipolar_cycloaddition/extracted/full_dataset_profiles/3575/TS_imag_mode.xyz
dipolar_003586,spec16,16,1.7093673328567707e-15,identical_lineage,3586,/gpfs/tmp_cpu2/yeseo1ee/eda_asm_raw/dipolar_cycloaddition/extracted/full_dataset_profiles/3586/TS_imag_mode.xyz
dipolar_003592,spec16,16,8.445720864089201e-16,identical_lineage,3592,/gpfs/tmp_cpu2/yeseo1ee/eda_asm_raw/dipolar_cycloaddition/extracted/full_dataset_profiles/3592/TS_imag_mode.xyz
dipolar_003596,locked_778,16,0.012265333368615988,same_structure_precision_diff,3596,/gpfs/tmp_cpu2/yeseo1ee/eda_asm_raw/dipolar_cycloaddition/extracted/full_dataset_profiles/3596/TS_imag_mode.xyz
dipolar_003606,spec16,16,6.004905681197302e-16,identical_lineage,3606,/gpfs/tmp_cpu2/yeseo1ee/eda_asm_raw/dipolar_cycloaddition/extracted/full_dataset_profiles/3606/TS_imag_mode.xyz
dipolar_003618,spec16,16,6.667687868514926e-16,identical_lineage,3618,/gpfs/tmp_cpu2/yeseo1ee/eda_asm_raw/dipolar_cycloaddition/extracted/full_dataset_profiles/3618/TS_imag_mode.xyz
dipolar_003623,spec16,16,6.190921621703432e-16,identical_lineage,3623,/gpfs/tmp_cpu2/yeseo1ee/eda_asm_raw/dipolar_cycloaddition/extracted/full_dataset_profiles/3623/TS_imag_mode.xyz
dipolar_003628,locked_778,16,0.012306057897827804,same_structure_precision_diff,3628,/gpfs/tmp_cpu2/yeseo1ee/eda_asm_raw/dipolar_cycloaddition/extracted/full_dataset_profiles/3628/TS_imag_mode.xyz
dipolar_003648,locked_778,16,0.01233842640684418,same_structure_precision_diff,3648,/gpfs/tmp_cpu2/yeseo1ee/eda_asm_raw/dipolar_cycloaddition/extracted/full_dataset_profiles/3648/TS_imag_mode.xyz
dipolar_003678,spec16,17,1.2291973105937082e-15,identical_lineage,3678,/gpfs/tmp_cpu2/yeseo1ee/eda_asm_raw/dipolar_cycloaddition/extracted/full_dataset_profiles/3678/TS_imag_mode.xyz
dipolar_003681,spec16,17,5.318616381140226e-16,identical_lineage,3681,/gpfs/tmp_cpu2/yeseo1ee/eda_asm_raw/dipolar_cycloaddition/extracted/full_dataset_profiles/3681/TS_imag_mode.xyz
dipolar_003719,locked_778,16,0.012033303379143117,same_structure_precision_diff,3719,/gpfs/tmp_cpu2/yeseo1ee/eda_asm_raw/dipolar_cycloaddition/extracted/full_dataset_profiles/3719/TS_imag_mode.xyz
dipolar_003732,spec16,17,9.723849412382913e-16,identical_lineage,3732,/gpfs/tmp_cpu2/yeseo1ee/eda_asm_raw/dipolar_cycloaddition/extracted/full_dataset_profiles/3732/TS_imag_mode.xyz
dipolar_003734,spec16,17,5.423628642394021e-16,identical_lineage,3734,/gpfs/tmp_cpu2/yeseo1ee/eda_asm_raw/dipolar_cycloaddition/extracted/full_dataset_profiles/3734/TS_imag_mode.xyz
dipolar_003796,spec16,17,5.066332948972013e-16,identical_lineage,3796,/gpfs/tmp_cpu2/yeseo1ee/eda_asm_raw/dipolar_cycloaddition/extracted/full_dataset_profiles/3796/TS_imag_mode.xyz
dipolar_003799,locked_778,17,0.011672538925724918,same_structure_precision_diff,3799,/gpfs/tmp_cpu2/yeseo1ee/eda_asm_raw/dipolar_cycloaddition/extracted/full_dataset_profiles/3799/TS_imag_mode.xyz
dipolar_003826,spec16,17,6.655404281181097e-16,identical_lineage,3826,/gpfs/tmp_cpu2/yeseo1ee/eda_asm_raw/dipolar_cycloaddition/extracted/full_dataset_profiles/3826/TS_imag_mode.xyz
dipolar_003831,spec16,18,1.192137584926073e-15,identical_lineage,3831,/gpfs/tmp_cpu2/yeseo1ee/eda_asm_raw/dipolar_cycloaddition/extracted/full_dataset_profiles/3831/TS_imag_mode.xyz
dipolar_003839,locked_778,18,0.011367774555039246,same_structure_precision_diff,3839,/gpfs/tmp_cpu2/yeseo1ee/eda_asm_raw/dipolar_cycloaddition/extracted/full_dataset_profiles/3839/TS_imag_mode.xyz
dipolar_003914,spec16,17,7.270837477449121e-16,identical_lineage,3914,/gpfs/tmp_cpu2/yeseo1ee/eda_asm_raw/dipolar_cycloaddition/extracted/full_dataset_profiles/3914/TS_imag_mode.xyz
dipolar_003948,locked_778,18,0.011459562949858152,same_structure_precision_diff,3948,/gpfs/tmp_cpu2/yeseo1ee/eda_asm_raw/dipolar_cycloaddition/extracted/full_dataset_profiles/3948/TS_imag_mode.xyz
dipolar_003962,spec16,19,1.2306332432600859e-15,identical_lineage,3962,/gpfs/tmp_cpu2/yeseo1ee/eda_asm_raw/dipolar_cycloaddition/extracted/full_dataset_profiles/3962/TS_imag_mode.xyz
dipolar_003995,spec16,19,7.371878987730745e-16,identical_lineage,3995,/gpfs/tmp_cpu2/yeseo1ee/eda_asm_raw/dipolar_cycloaddition/extracted/full_dataset_profiles/3995/TS_imag_mode.xyz
dipolar_004006,spec16,18,4.671174025028833e-16,identical_lineage,4006,/gpfs/tmp_cpu2/yeseo1ee/eda_asm_raw/dipolar_cycloaddition/extracted/full_dataset_profiles/4006/TS_imag_mode.xyz
dipolar_004009,locked_778,18,0.011528199598369206,same_structure_precision_diff,4009,/gpfs/tmp_cpu2/yeseo1ee/eda_asm_raw/dipolar_cycloaddition/extracted/full_dataset_profiles/4009/TS_imag_mode.xyz
dipolar_004015,spec16,18,1.6443170139518573e-15,identical_lineage,4015,/gpfs/tmp_cpu2/yeseo1ee/eda_asm_raw/dipolar_cycloaddition/extracted/full_dataset_profiles/4015/TS_imag_mode.xyz
dipolar_004025,locked_778,18,0.011554092178890894,same_structure_precision_diff,4025,/gpfs/tmp_cpu2/yeseo1ee/eda_asm_raw/dipolar_cycloaddition/extracted/full_dataset_profiles/4025/TS_imag_mode.xyz
dipolar_004038,locked_778,19,0.01114919821873826,same_structure_precision_diff,4038,/gpfs/tmp_cpu2/yeseo1ee/eda_asm_raw/dipolar_cycloaddition/extracted/full_dataset_profiles/4038/TS_imag_mode.xyz
dipolar_004042,locked_778,19,0.011220938581865559,same_structure_precision_diff,4042,/gpfs/tmp_cpu2/yeseo1ee/eda_asm_raw/dipolar_cycloaddition/extracted/full_dataset_profiles/4042/TS_imag_mode.xyz
dipolar_004057,spec16,18,7.128547998239005e-16,identical_lineage,4057,/gpfs/tmp_cpu2/yeseo1ee/eda_asm_raw/dipolar_cycloaddition/extracted/full_dataset_profiles/4057/TS_imag_mode.xyz
dipolar_004064,locked_778,18,0.011387063021330177,same_structure_precision_diff,4064,/gpfs/tmp_cpu2/yeseo1ee/eda_asm_raw/dipolar_cycloaddition/extracted/full_dataset_profiles/4064/TS_imag_mode.xyz
dipolar_004082,spec16,19,2.3456578395944943e-15,identical_lineage,4082,/gpfs/tmp_cpu2/yeseo1ee/eda_asm_raw/dipolar_cycloaddition/extracted/full_dataset_profiles/4082/TS_imag_mode.xyz
dipolar_004087,locked_778,19,0.011163324769295154,same_structure_precision_diff,4087,/gpfs/tmp_cpu2/yeseo1ee/eda_asm_raw/dipolar_cycloaddition/extracted/full_dataset_profiles/4087/TS_imag_mode.xyz
dipolar_004094,locked_778,19,0.011295021904055494,same_structure_precision_diff,4094,/gpfs/tmp_cpu2/yeseo1ee/eda_asm_raw/dipolar_cycloaddition/extracted/full_dataset_profiles/4094/TS_imag_mode.xyz
dipolar_004150,locked_778,19,0.011282268879739784,same_structure_precision_diff,4150,/gpfs/tmp_cpu2/yeseo1ee/eda_asm_raw/dipolar_cycloaddition/extracted/full_dataset_profiles/4150/TS_imag_mode.xyz
dipolar_004158,locked_778,20,0.010997864638797598,same_structure_precision_diff,4158,/gpfs/tmp_cpu2/yeseo1ee/eda_asm_raw/dipolar_cycloaddition/extracted/full_dataset_profiles/4158/TS_imag_mode.xyz
dipolar_004173,spec16,19,8.585450700905829e-16,identical_lineage,4173,/gpfs/tmp_cpu2/yeseo1ee/eda_asm_raw/dipolar_cycloaddition/extracted/full_dataset_profiles/4173/TS_imag_mode.xyz
dipolar_004177,spec16,19,6.427044687245221e-16,identical_lineage,4177,/gpfs/tmp_cpu2/yeseo1ee/eda_asm_raw/dipolar_cycloaddition/extracted/full_dataset_profiles/4177/TS_imag_mode.xyz
dipolar_004181,locked_778,20,0.011110204092882745,same_structure_precision_diff,4181,/gpfs/tmp_cpu2/yeseo1ee/eda_asm_raw/dipolar_cycloaddition/extracted/full_dataset_profiles/4181/TS_imag_mode.xyz
dipolar_004182,locked_778,19,0.011141319221296013,same_structure_precision_diff,4182,/gpfs/tmp_cpu2/yeseo1ee/eda_asm_raw/dipolar_cycloaddition/extracted/full_dataset_profiles/4182/TS_imag_mode.xyz
dipolar_004207,spec16,19,6.463334089534061e-16,identical_lineage,4207,/gpfs/tmp_cpu2/yeseo1ee/eda_asm_raw/dipolar_cycloaddition/extracted/full_dataset_profiles/4207/TS_imag_mode.xyz
dipolar_004241,spec16,20,1.1661646795127801e-15,identical_lineage,4241,/gpfs/tmp_cpu2/yeseo1ee/eda_asm_raw/dipolar_cycloaddition/extracted/full_dataset_profiles/4241/TS_imag_mode.xyz
dipolar_004283,spec16,19,7.472874895815976e-16,identical_lineage,4283,/gpfs/tmp_cpu2/yeseo1ee/eda_asm_raw/dipolar_cycloaddition/extracted/full_dataset_profiles/4283/TS_imag_mode.xyz
dipolar_004305,spec16,20,8.751716900104747e-16,identical_lineage,4305,/gpfs/tmp_cpu2/yeseo1ee/eda_asm_raw/dipolar_cycloaddition/extracted/full_dataset_profiles/4305/TS_imag_mode.xyz
dipolar_004328,spec16,20,8.990514659127578e-16,identical_lineage,4328,/gpfs/tmp_cpu2/yeseo1ee/eda_asm_raw/dipolar_cycloaddition/extracted/full_dataset_profiles/4328/TS_imag_mode.xyz
dipolar_004359,locked_778,20,0.010728825380293374,same_structure_precision_diff,4359,/gpfs/tmp_cpu2/yeseo1ee/eda_asm_raw/dipolar_cycloaddition/extracted/full_dataset_profiles/4359/TS_imag_mode.xyz
dipolar_004383,locked_778,20,0.010996754960189443,same_structure_precision_diff,4383,/gpfs/tmp_cpu2/yeseo1ee/eda_asm_raw/dipolar_cycloaddition/extracted/full_dataset_profiles/4383/TS_imag_mode.xyz
dipolar_004413,locked_778,20,0.010914987061988676,same_structure_precision_diff,4413,/gpfs/tmp_cpu2/yeseo1ee/eda_asm_raw/dipolar_cycloaddition/extracted/full_dataset_profiles/4413/TS_imag_mode.xyz
dipolar_004417,locked_778,20,0.01071468148394445,same_structure_precision_diff,4417,/gpfs/tmp_cpu2/yeseo1ee/eda_asm_raw/dipolar_cycloaddition/extracted/full_dataset_profiles/4417/TS_imag_mode.xyz
dipolar_004419,spec16,20,5.606523220530177e-16,identical_lineage,4419,/gpfs/tmp_cpu2/yeseo1ee/eda_asm_raw/dipolar_cycloaddition/extracted/full_dataset_profiles/4419/TS_imag_mode.xyz
dipolar_004439,locked_778,20,0.01109170302698275,same_structure_precision_diff,4439,/gpfs/tmp_cpu2/yeseo1ee/eda_asm_raw/dipolar_cycloaddition/extracted/full_dataset_profiles/4439/TS_imag_mode.xyz
dipolar_004446,spec16,20,7.784823588320817e-16,identical_lineage,4446,/gpfs/tmp_cpu2/yeseo1ee/eda_asm_raw/dipolar_cycloaddition/extracted/full_dataset_profiles/4446/TS_imag_mode.xyz
dipolar_004447,locked_778,20,0.011041254226252723,same_structure_precision_diff,4447,/gpfs/tmp_cpu2/yeseo1ee/eda_asm_raw/dipolar_cycloaddition/extracted/full_dataset_profiles/4447/TS_imag_mode.xyz
dipolar_004448,spec16,20,1.2914286369332579e-15,identical_lineage,4448,/gpfs/tmp_cpu2/yeseo1ee/eda_asm_raw/dipolar_cycloaddition/extracted/full_dataset_profiles/4448/TS_imag_mode.xyz
dipolar_004453,spec16,20,1.2748271329343235e-15,identical_lineage,4453,/gpfs/tmp_cpu2/yeseo1ee/eda_asm_raw/dipolar_cycloaddition/extracted/full_dataset_profiles/4453/TS_imag_mode.xyz
dipolar_004489,spec16,20,1.6309087428775172e-15,identical_lineage,4489,/gpfs/tmp_cpu2/yeseo1ee/eda_asm_raw/dipolar_cycloaddition/extracted/full_dataset_profiles/4489/TS_imag_mode.xyz
dipolar_004494,locked_778,21,0.01077058145763596,same_structure_precision_diff,4494,/gpfs/tmp_cpu2/yeseo1ee/eda_asm_raw/dipolar_cycloaddition/extracted/full_dataset_profiles/4494/TS_imag_mode.xyz
dipolar_004535,spec16,21,1.2961738482149139e-15,identical_lineage,4535,/gpfs/tmp_cpu2/yeseo1ee/eda_asm_raw/dipolar_cycloaddition/extracted/full_dataset_profiles/4535/TS_imag_mode.xyz
dipolar_004537,locked_778,21,0.010870809287851434,same_structure_precision_diff,4537,/gpfs/tmp_cpu2/yeseo1ee/eda_asm_raw/dipolar_cycloaddition/extracted/full_dataset_profiles/4537/TS_imag_mode.xyz
dipolar_004557,locked_778,21,0.010862458126223115,same_structure_precision_diff,4557,/gpfs/tmp_cpu2/yeseo1ee/eda_asm_raw/dipolar_cycloaddition/extracted/full_dataset_profiles/4557/TS_imag_mode.xyz
dipolar_004574,spec16,21,1.5931021858611754e-15,identical_lineage,4574,/gpfs/tmp_cpu2/yeseo1ee/eda_asm_raw/dipolar_cycloaddition/extracted/full_dataset_profiles/4574/TS_imag_mode.xyz
dipolar_004576,locked_778,21,0.01083090293898348,same_structure_precision_diff,4576,/gpfs/tmp_cpu2/yeseo1ee/eda_asm_raw/dipolar_cycloaddition/extracted/full_dataset_profiles/4576/TS_imag_mode.xyz
dipolar_004578,spec16,21,7.466611402394625e-16,identical_lineage,4578,/gpfs/tmp_cpu2/yeseo1ee/eda_asm_raw/dipolar_cycloaddition/extracted/full_dataset_profiles/4578/TS_imag_mode.xyz
dipolar_004580,spec16,21,1.5393028514199763e-15,identical_lineage,4580,/gpfs/tmp_cpu2/yeseo1ee/eda_asm_raw/dipolar_cycloaddition/extracted/full_dataset_profiles/4580/TS_imag_mode.xyz
dipolar_004582,locked_778,21,0.010740428763332147,same_structure_precision_diff,4582,/gpfs/tmp_cpu2/yeseo1ee/eda_asm_raw/dipolar_cycloaddition/extracted/full_dataset_profiles/4582/TS_imag_mode.xyz
dipolar_004594,locked_778,20,0.009994572759309055,identical_lineage,4594,/gpfs/tmp_cpu2/yeseo1ee/eda_asm_raw/dipolar_cycloaddition/extracted/full_dataset_profiles/4594/TS_imag_mode.xyz
dipolar_004652,locked_778,21,0.010734135491113034,same_structure_precision_diff,4652,/gpfs/tmp_cpu2/yeseo1ee/eda_asm_raw/dipolar_cycloaddition/extracted/full_dataset_profiles/4652/TS_imag_mode.xyz
dipolar_004654,locked_778,21,0.010622210433243223,same_structure_precision_diff,4654,/gpfs/tmp_cpu2/yeseo1ee/eda_asm_raw/dipolar_cycloaddition/extracted/full_dataset_profiles/4654/TS_imag_mode.xyz
dipolar_004662,locked_778,21,0.010700764413435197,same_structure_precision_diff,4662,/gpfs/tmp_cpu2/yeseo1ee/eda_asm_raw/dipolar_cycloaddition/extracted/full_dataset_profiles/4662/TS_imag_mode.xyz
dipolar_004717,spec16,22,5.768713782334221e-16,identical_lineage,4717,/gpfs/tmp_cpu2/yeseo1ee/eda_asm_raw/dipolar_cycloaddition/extracted/full_dataset_profiles/4717/TS_imag_mode.xyz
dipolar_004748,locked_778,22,0.010424658565365827,same_structure_precision_diff,4748,/gpfs/tmp_cpu2/yeseo1ee/eda_asm_raw/dipolar_cycloaddition/extracted/full_dataset_profiles/4748/TS_imag_mode.xyz
dipolar_004752,locked_778,22,0.010637985478795442,same_structure_precision_diff,4752,/gpfs/tmp_cpu2/yeseo1ee/eda_asm_raw/dipolar_cycloaddition/extracted/full_dataset_profiles/4752/TS_imag_mode.xyz
dipolar_004757,spec16,22,8.858023170611543e-16,identical_lineage,4757,/gpfs/tmp_cpu2/yeseo1ee/eda_asm_raw/dipolar_cycloaddition/extracted/full_dataset_profiles/4757/TS_imag_mode.xyz
dipolar_004759,spec16,22,2.869002550361391e-16,identical_lineage,4759,/gpfs/tmp_cpu2/yeseo1ee/eda_asm_raw/dipolar_cycloaddition/extracted/full_dataset_profiles/4759/TS_imag_mode.xyz
dipolar_004762,spec16,22,8.926815357732384e-16,identical_lineage,4762,/gpfs/tmp_cpu2/yeseo1ee/eda_asm_raw/dipolar_cycloaddition/extracted/full_dataset_profiles/4762/TS_imag_mode.xyz
dipolar_004770,locked_778,23,0.010173532856575311,same_structure_precision_diff,4770,/gpfs/tmp_cpu2/yeseo1ee/eda_asm_raw/dipolar_cycloaddition/extracted/full_dataset_profiles/4770/TS_imag_mode.xyz
dipolar_004773,spec16,21,1.0600200734539667e-15,identical_lineage,4773,/gpfs/tmp_cpu2/yeseo1ee/eda_asm_raw/dipolar_cycloaddition/extracted/full_dataset_profiles/4773/TS_imag_mode.xyz
dipolar_004790,spec16,22,5.239026774623171e-16,identical_lineage,4790,/gpfs/tmp_cpu2/yeseo1ee/eda_asm_raw/dipolar_cycloaddition/extracted/full_dataset_profiles/4790/TS_imag_mode.xyz
dipolar_004797,spec16,22,1.1900715429611065e-15,identical_lineage,4797,/gpfs/tmp_cpu2/yeseo1ee/eda_asm_raw/dipolar_cycloaddition/extracted/full_dataset_profiles/4797/TS_imag_mode.xyz
dipolar_004798,locked_778,22,0.010356143802689448,same_structure_precision_diff,4798,/gpfs/tmp_cpu2/yeseo1ee/eda_asm_raw/dipolar_cycloaddition/extracted/full_dataset_profiles/4798/TS_imag_mode.xyz
dipolar_004821,spec16,22,9.135896560680277e-16,identical_lineage,4821,/gpfs/tmp_cpu2/yeseo1ee/eda_asm_raw/dipolar_cycloaddition/extracted/full_dataset_profiles/4821/TS_imag_mode.xyz
dipolar_004845,locked_778,22,0.01053982379150378,same_structure_precision_diff,4845,/gpfs/tmp_cpu2/yeseo1ee/eda_asm_raw/dipolar_cycloaddition/extracted/full_dataset_profiles/4845/TS_imag_mode.xyz
dipolar_004857,locked_778,22,0.010259380453703334,same_structure_precision_diff,4857,/gpfs/tmp_cpu2/yeseo1ee/eda_asm_raw/dipolar_cycloaddition/extracted/full_dataset_profiles/4857/TS_imag_mode.xyz
dipolar_004885,spec16,23,1.1396412852425251e-15,identical_lineage,4885,/gpfs/tmp_cpu2/yeseo1ee/eda_asm_raw/dipolar_cycloaddition/extracted/full_dataset_profiles/4885/TS_imag_mode.xyz
dipolar_004892,locked_778,22,0.010491888160351338,same_structure_precision_diff,4892,/gpfs/tmp_cpu2/yeseo1ee/eda_asm_raw/dipolar_cycloaddition/extracted/full_dataset_profiles/4892/TS_imag_mode.xyz
dipolar_004918,locked_778,23,0.010281990232418133,same_structure_precision_diff,4918,/gpfs/tmp_cpu2/yeseo1ee/eda_asm_raw/dipolar_cycloaddition/extracted/full_dataset_profiles/4918/TS_imag_mode.xyz
dipolar_004919,locked_778,24,0.009997753732333088,identical_lineage,4919,/gpfs/tmp_cpu2/yeseo1ee/eda_asm_raw/dipolar_cycloaddition/extracted/full_dataset_profiles/4919/TS_imag_mode.xyz
dipolar_004941,locked_778,23,0.010311479155279456,same_structure_precision_diff,4941,/gpfs/tmp_cpu2/yeseo1ee/eda_asm_raw/dipolar_cycloaddition/extracted/full_dataset_profiles/4941/TS_imag_mode.xyz
dipolar_004948,spec16,23,1.0690988883757168e-15,identical_lineage,4948,/gpfs/tmp_cpu2/yeseo1ee/eda_asm_raw/dipolar_cycloaddition/extracted/full_dataset_profiles/4948/TS_imag_mode.xyz
dipolar_004963,spec16,23,9.104563224421221e-16,identical_lineage,4963,/gpfs/tmp_cpu2/yeseo1ee/eda_asm_raw/dipolar_cycloaddition/extracted/full_dataset_profiles/4963/TS_imag_mode.xyz
dipolar_004986,spec16,23,7.729980889060983e-16,identical_lineage,4986,/gpfs/tmp_cpu2/yeseo1ee/eda_asm_raw/dipolar_cycloaddition/extracted/full_dataset_profiles/4986/TS_imag_mode.xyz
dipolar_004992,spec16,23,1.8512790724467654e-15,identical_lineage,4992,/gpfs/tmp_cpu2/yeseo1ee/eda_asm_raw/dipolar_cycloaddition/extracted/full_dataset_profiles/4992/TS_imag_mode.xyz
dipolar_005066,locked_778,23,0.010259021733326096,same_structure_precision_diff,5066,/gpfs/tmp_cpu2/yeseo1ee/eda_asm_raw/dipolar_cycloaddition/extracted/full_dataset_profiles/5066/TS_imag_mode.xyz
dipolar_005068,spec16,23,7.567725599086988e-16,identical_lineage,5068,/gpfs/tmp_cpu2/yeseo1ee/eda_asm_raw/dipolar_cycloaddition/extracted/full_dataset_profiles/5068/TS_imag_mode.xyz
dipolar_005073,spec16,23,1.3589707273890764e-15,identical_lineage,5073,/gpfs/tmp_cpu2/yeseo1ee/eda_asm_raw/dipolar_cycloaddition/extracted/full_dataset_profiles/5073/TS_imag_mode.xyz
dipolar_005107,spec16,24,1.6566672771709563e-15,identical_lineage,5107,/gpfs/tmp_cpu2/yeseo1ee/eda_asm_raw/dipolar_cycloaddition/extracted/full_dataset_profiles/5107/TS_imag_mode.xyz
dipolar_005117,spec16,24,1.4666462298882819e-15,identical_lineage,5117,/gpfs/tmp_cpu2/yeseo1ee/eda_asm_raw/dipolar_cycloaddition/extracted/full_dataset_profiles/5117/TS_imag_mode.xyz
dipolar_005125,locked_778,24,0.009824081562874721,identical_lineage,5125,/gpfs/tmp_cpu2/yeseo1ee/eda_asm_raw/dipolar_cycloaddition/extracted/full_dataset_profiles/5125/TS_imag_mode.xyz
dipolar_005133,locked_778,24,0.01000222769990453,same_structure_precision_diff,5133,/gpfs/tmp_cpu2/yeseo1ee/eda_asm_raw/dipolar_cycloaddition/extracted/full_dataset_profiles/5133/TS_imag_mode.xyz
dipolar_005147,spec16,23,6.293232369623652e-16,identical_lineage,5147,/gpfs/tmp_cpu2/yeseo1ee/eda_asm_raw/dipolar_cycloaddition/extracted/full_dataset_profiles/5147/TS_imag_mode.xyz
dipolar_005148,locked_778,23,0.010010481648699008,same_structure_precision_diff,5148,/gpfs/tmp_cpu2/yeseo1ee/eda_asm_raw/dipolar_cycloaddition/extracted/full_dataset_profiles/5148/TS_imag_mode.xyz
dipolar_005155,locked_778,24,0.009974366484334871,identical_lineage,5155,/gpfs/tmp_cpu2/yeseo1ee/eda_asm_raw/dipolar_cycloaddition/extracted/full_dataset_profiles/5155/TS_imag_mode.xyz
dipolar_005220,locked_778,25,0.00983717591059716,identical_lineage,5220,/gpfs/tmp_cpu2/yeseo1ee/eda_asm_raw/dipolar_cycloaddition/extracted/full_dataset_profiles/5220/TS_imag_mode.xyz
dipolar_005221,spec16,25,8.937225985961011e-16,identical_lineage,5221,/gpfs/tmp_cpu2/yeseo1ee/eda_asm_raw/dipolar_cycloaddition/extracted/full_dataset_profiles/5221/TS_imag_mode.xyz
dipolar_005272,locked_778,25,0.009931076037568518,identical_lineage,5272,/gpfs/tmp_cpu2/yeseo1ee/eda_asm_raw/dipolar_cycloaddition/extracted/full_dataset_profiles/5272/TS_imag_mode.xyz
dipolar_005283,spec16,25,8.304953267298491e-16,identical_lineage,5283,/gpfs/tmp_cpu2/yeseo1ee/eda_asm_raw/dipolar_cycloaddition/extracted/full_dataset_profiles/5283/TS_imag_mode.xyz
dipolar_005286,spec16,25,2.2010802560984354e-15,identical_lineage,5286,/gpfs/tmp_cpu2/yeseo1ee/eda_asm_raw/dipolar_cycloaddition/extracted/full_dataset_profiles/5286/TS_imag_mode.xyz
dipolar_005320,locked_778,25,0.009666809429807374,identical_lineage,5320,/gpfs/tmp_cpu2/yeseo1ee/eda_asm_raw/dipolar_cycloaddition/extracted/full_dataset_profiles/5320/TS_imag_mode.xyz
dipolar_005323,locked_778,24,0.009881798113388091,identical_lineage,5323,/gpfs/tmp_cpu2/yeseo1ee/eda_asm_raw/dipolar_cycloaddition/extracted/full_dataset_profiles/5323/TS_imag_mode.xyz
dipolar_005324,spec16,24,1.0091906953601e-15,identical_lineage,5324,/gpfs/tmp_cpu2/yeseo1ee/eda_asm_raw/dipolar_cycloaddition/extracted/full_dataset_profiles/5324/TS_imag_mode.xyz
dipolar_005326,spec16,24,1.0532426596445383e-15,identical_lineage,5326,/gpfs/tmp_cpu2/yeseo1ee/eda_asm_raw/dipolar_cycloaddition/extracted/full_dataset_profiles/5326/TS_imag_mode.xyz
dipolar_005327,spec16,24,1.247468074807435e-15,identical_lineage,5327,/gpfs/tmp_cpu2/yeseo1ee/eda_asm_raw/dipolar_cycloaddition/extracted/full_dataset_profiles/5327/TS_imag_mode.xyz
dipolar_005328,spec16,24,1.4370136278662511e-15,identical_lineage,5328,/gpfs/tmp_cpu2/yeseo1ee/eda_asm_raw/dipolar_cycloaddition/extracted/full_dataset_profiles/5328/TS_imag_mode.xyz
dipolar_005355,spec16,25,4.46537636134722e-16,identical_lineage,5355,/gpfs/tmp_cpu2/yeseo1ee/eda_asm_raw/dipolar_cycloaddition/extracted/full_dataset_profiles/5355/TS_imag_mode.xyz
dipolar_005356,locked_778,25,0.009728832220561623,identical_lineage,5356,/gpfs/tmp_cpu2/yeseo1ee/eda_asm_raw/dipolar_cycloaddition/extracted/full_dataset_profiles/5356/TS_imag_mode.xyz
dipolar_005357,locked_778,25,0.009685282167871526,identical_lineage,5357,/gpfs/tmp_cpu2/yeseo1ee/eda_asm_raw/dipolar_cycloaddition/extracted/full_dataset_profiles/5357/TS_imag_mode.xyz
dipolar_005361,locked_778,25,0.009727671666164287,identical_lineage,5361,/gpfs/tmp_cpu2/yeseo1ee/eda_asm_raw/dipolar_cycloaddition/extracted/full_dataset_profiles/5361/TS_imag_mode.xyz
dipolar_005378,spec16,25,5.158668303820743e-16,identical_lineage,5378,/gpfs/tmp_cpu2/yeseo1ee/eda_asm_raw/dipolar_cycloaddition/extracted/full_dataset_profiles/5378/TS_imag_mode.xyz
dipolar_005423,spec16,26,9.23717290175578e-16,identical_lineage,5423,/gpfs/tmp_cpu2/yeseo1ee/eda_asm_raw/dipolar_cycloaddition/extracted/full_dataset_profiles/5423/TS_imag_mode.xyz
dipolar_005425,locked_778,26,0.009757298608403327,identical_lineage,5425,/gpfs/tmp_cpu2/yeseo1ee/eda_asm_raw/dipolar_cycloaddition/extracted/full_dataset_profiles/5425/TS_imag_mode.xyz
dipolar_005429,spec16,25,6.006501516042197e-16,identical_lineage,5429,/gpfs/tmp_cpu2/yeseo1ee/eda_asm_raw/dipolar_cycloaddition/extracted/full_dataset_profiles/5429/TS_imag_mode.xyz
dipolar_005435,locked_778,26,0.00967999599689967,identical_lineage,5435,/gpfs/tmp_cpu2/yeseo1ee/eda_asm_raw/dipolar_cycloaddition/extracted/full_dataset_profiles/5435/TS_imag_mode.xyz
dipolar_005446,locked_778,25,0.009705926897150696,identical_lineage,5446,/gpfs/tmp_cpu2/yeseo1ee/eda_asm_raw/dipolar_cycloaddition/extracted/full_dataset_profiles/5446/TS_imag_mode.xyz
dipolar_005460,spec16,25,6.618792809743289e-16,identical_lineage,5460,/gpfs/tmp_cpu2/yeseo1ee/eda_asm_raw/dipolar_cycloaddition/extracted/full_dataset_profiles/5460/TS_imag_mode.xyz
dipolar_005468,spec16,26,1.231848465528391e-15,identical_lineage,5468,/gpfs/tmp_cpu2/yeseo1ee/eda_asm_raw/dipolar_cycloaddition/extracted/full_dataset_profiles/5468/TS_imag_mode.xyz
dipolar_005480,locked_778,25,0.009827234124760378,identical_lineage,5480,/gpfs/tmp_cpu2/yeseo1ee/eda_asm_raw/dipolar_cycloaddition/extracted/full_dataset_profiles/5480/TS_imag_mode.xyz
dipolar_005508,spec16,26,8.348905288253966e-16,identical_lineage,5508,/gpfs/tmp_cpu2/yeseo1ee/eda_asm_raw/dipolar_cycloaddition/extracted/full_dataset_profiles/5508/TS_imag_mode.xyz
dipolar_005537,locked_778,25,0.009773591268214508,identical_lineage,5537,/gpfs/tmp_cpu2/yeseo1ee/eda_asm_raw/dipolar_cycloaddition/extracted/full_dataset_profiles/5537/TS_imag_mode.xyz
dipolar_005574,spec16,27,1.0985545189343277e-15,identical_lineage,5574,/gpfs/tmp_cpu2/yeseo1ee/eda_asm_raw/dipolar_cycloaddition/extracted/full_dataset_profiles/5574/TS_imag_mode.xyz
dipolar_005580,spec16,26,6.623925410553228e-16,identical_lineage,5580,/gpfs/tmp_cpu2/yeseo1ee/eda_asm_raw/dipolar_cycloaddition/extracted/full_dataset_profiles/5580/TS_imag_mode.xyz
dipolar_005588,spec16,26,9.936922473720603e-16,identical_lineage,5588,/gpfs/tmp_cpu2/yeseo1ee/eda_asm_raw/dipolar_cycloaddition/extracted/full_dataset_profiles/5588/TS_imag_mode.xyz
dipolar_005604,spec16,26,1.1967066022215397e-15,identical_lineage,5604,/gpfs/tmp_cpu2/yeseo1ee/eda_asm_raw/dipolar_cycloaddition/extracted/full_dataset_profiles/5604/TS_imag_mode.xyz
dipolar_005609,locked_778,26,0.009675320524921342,identical_lineage,5609,/gpfs/tmp_cpu2/yeseo1ee/eda_asm_raw/dipolar_cycloaddition/extracted/full_dataset_profiles/5609/TS_imag_mode.xyz
dipolar_005662,locked_778,27,0.009451757865948183,identical_lineage,5662,/gpfs/tmp_cpu2/yeseo1ee/eda_asm_raw/dipolar_cycloaddition/extracted/full_dataset_profiles/5662/TS_imag_mode.xyz
dipolar_005691,spec16,27,1.3916069585734404e-15,identical_lineage,5691,/gpfs/tmp_cpu2/yeseo1ee/eda_asm_raw/dipolar_cycloaddition/extracted/full_dataset_profiles/5691/TS_imag_mode.xyz
dipolar_005748,locked_778,28,0.009147624762783633,identical_lineage,5748,/gpfs/tmp_cpu2/yeseo1ee/eda_asm_raw/dipolar_cycloaddition/extracted/full_dataset_profiles/5748/TS_imag_mode.xyz
dipolar_005790,spec16,28,7.51858624425622e-16,identical_lineage,5790,/gpfs/tmp_cpu2/yeseo1ee/eda_asm_raw/dipolar_cycloaddition/extracted/full_dataset_profiles/5790/TS_imag_mode.xyz
dipolar_005812,locked_778,29,0.00893964356224754,identical_lineage,5812,/gpfs/tmp_cpu2/yeseo1ee/eda_asm_raw/dipolar_cycloaddition/extracted/full_dataset_profiles/5812/TS_imag_mode.xyz
dipolar_005825,locked_778,30,0.009103329751867624,identical_lineage,5825,/gpfs/tmp_cpu2/yeseo1ee/eda_asm_raw/dipolar_cycloaddition/extracted/full_dataset_profiles/5825/TS_imag_mode.xyz
dipolar_005841,spec16,30,3.7263001653629355e-16,identical_lineage,5841,/gpfs/tmp_cpu2/yeseo1ee/eda_asm_raw/dipolar_cycloaddition/extracted/full_dataset_profiles/5841/TS_imag_mode.xyz
dipolar_005846,locked_778,30,0.009030451503093834,identical_lineage,5846,/gpfs/tmp_cpu2/yeseo1ee/eda_asm_raw/dipolar_cycloaddition/extracted/full_dataset_profiles/5846/TS_imag_mode.xyz
dipolar_005885,locked_778,31,0.008853941178786476,identical_lineage,5885,/gpfs/tmp_cpu2/yeseo1ee/eda_asm_raw/dipolar_cycloaddition/extracted/full_dataset_profiles/5885/TS_imag_mode.xyz
dipolar_005886,locked_778,30,0.009075431105742054,identical_lineage,5886,/gpfs/tmp_cpu2/yeseo1ee/eda_asm_raw/dipolar_cycloaddition/extracted/full_dataset_profiles/5886/TS_imag_mode.xyz
dipolar_005901,locked_778,31,0.008884058369720147,identical_lineage,5901,/gpfs/tmp_cpu2/yeseo1ee/eda_asm_raw/dipolar_cycloaddition/extracted/full_dataset_profiles/5901/TS_imag_mode.xyz
dipolar_005939,spec16,32,1.730141468054548e-15,identical_lineage,5939,/gpfs/tmp_cpu2/yeseo1ee/eda_asm_raw/dipolar_cycloaddition/extracted/full_dataset_profiles/5939/TS_imag_mode.xyz
dipolar_005952,locked_778,33,0.00860343718662621,identical_lineage,5952,/gpfs/tmp_cpu2/yeseo1ee/eda_asm_raw/dipolar_cycloaddition/extracted/full_dataset_profiles/5952/TS_imag_mode.xyz
dipolar_005954,locked_778,34,0.0084170986939229,identical_lineage,5954,/gpfs/tmp_cpu2/yeseo1ee/eda_asm_raw/dipolar_cycloaddition/extracted/full_dataset_profiles/5954/TS_imag_mode.xyz
dipolar_005965,spec16,36,1.573039260088289e-15,identical_lineage,5965,/gpfs/tmp_cpu2/yeseo1ee/eda_asm_raw/dipolar_cycloaddition/extracted/full_dataset_profiles/5965/TS_imag_mode.xyz
